entry_time,exit_time,entry_price,exit_price,pnl
2023-02-17 10:40:00+00:00,2023-02-17 11:15:00+00:00,0.4366,0.43314,-128.20823408153774
2023-02-17 12:55:00+00:00,2023-02-17 13:25:00+00:00,0.43533,0.42952,-178.6394245875308
2023-02-17 14:15:00+00:00,2023-02-17 16:25:00+00:00,0.43052,0.42568,-154.51281298682807
2023-02-17 17:25:00+00:00,2023-02-17 18:05:00+00:00,0.43215,0.43204,-49.08970660861996
2023-02-17 19:05:00+00:00,2023-02-17 19:15:00+00:00,0.43479,0.43243,-96.1970719002129
2023-02-17 20:25:00+00:00,2023-02-17 21:25:00+00:00,0.43697,0.43784,-27.4939973987166
2023-02-17 21:30:00+00:00,2023-02-17 21:55:00+00:00,0.43733,0.43313,-131.49896281857946
2023-02-17 22:45:00+00:00,2023-02-18 01:45:00+00:00,0.43375,0.44852,255.8382377245307
2023-02-18 04:25:00+00:00,2023-02-18 06:05:00+00:00,0.44114,0.44446,22.565227196402702
2023-02-18 08:15:00+00:00,2023-02-18 08:20:00+00:00,0.4289,0.42945,-33.68617809012176
2023-02-18 09:40:00+00:00,2023-02-18 10:45:00+00:00,0.42905,0.42864,-53.35984280892626
2023-02-18 12:20:00+00:00,2023-02-18 13:20:00+00:00,0.4309,0.43022,-58.27030337942415
2023-02-18 14:50:00+00:00,2023-02-18 15:20:00+00:00,0.4294,0.42714,-89.74181145102011
2023-02-18 17:05:00+00:00,2023-02-18 17:45:00+00:00,0.42999,0.4296,-50.958478645476134
2023-02-18 19:05:00+00:00,2023-02-18 19:45:00+00:00,0.43359,0.4282,-148.32305443723453
2023-02-18 21:00:00+00:00,2023-02-18 21:15:00+00:00,0.41679,0.41781,-21.415566376315837
2023-02-18 22:10:00+00:00,2023-02-18 23:45:00+00:00,0.42247,0.42062,-77.53512020855487
2023-02-19 00:45:00+00:00,2023-02-19 02:45:00+00:00,0.42491,0.42458,-47.1497761902483
2023-02-19 03:00:00+00:00,2023-02-19 05:20:00+00:00,0.42689,0.43044,26.45663106802749
2023-02-19 05:25:00+00:00,2023-02-19 06:05:00+00:00,0.43092,0.42822,-90.61408133722125
2023-02-19 06:35:00+00:00,2023-02-19 06:40:00+00:00,0.4255,0.42592,-31.883037611750296
2023-02-19 07:50:00+00:00,2023-02-19 07:55:00+00:00,0.41676,0.41685,-37.62989001733513
2023-02-19 08:30:00+00:00,2023-02-19 09:10:00+00:00,0.41339,0.41484,-11.758261463540293
2023-02-19 09:35:00+00:00,2023-02-19 11:40:00+00:00,0.41786,0.42107,20.452200089680446
2023-02-19 12:30:00+00:00,2023-02-19 12:50:00+00:00,0.4218,0.4182,-104.13526055835064
2023-02-19 14:25:00+00:00,2023-02-19 15:20:00+00:00,0.42062,0.42539,47.60525242529911
2023-02-19 15:25:00+00:00,2023-02-19 15:30:00+00:00,0.42169,0.42064,-56.72064317917375
2023-02-19 18:30:00+00:00,2023-02-19 20:00:00+00:00,0.40504,0.40175,-97.99905197131739
2023-02-19 21:10:00+00:00,2023-02-19 23:15:00+00:00,0.4028,0.40402,-14.611853197538949
2023-02-19 23:40:00+00:00,2023-02-19 23:50:00+00:00,0.40339,0.40116,-76.70441707452483
2023-02-20 00:10:00+00:00,2023-02-20 00:55:00+00:00,0.40607,0.40062,-132.00328975807952
2023-02-20 02:00:00+00:00,2023-02-20 05:55:00+00:00,0.39835,0.40427,68.75052538278578
2023-02-20 07:05:00+00:00,2023-02-20 08:10:00+00:00,0.40445,0.4083,31.55971861148737
2023-02-20 08:15:00+00:00,2023-02-20 08:45:00+00:00,0.40914,0.39078,-350.23659339919686
2023-02-20 09:30:00+00:00,2023-02-20 09:50:00+00:00,0.39729,0.3995,3.567779456808239
2023-02-20 09:55:00+00:00,2023-02-20 10:30:00+00:00,0.39878,0.39594,-80.25805835715164
2023-02-20 11:05:00+00:00,2023-02-20 11:30:00+00:00,0.39644,0.39238,-99.15172044465817
2023-02-20 16:00:00+00:00,2023-02-20 16:10:00+00:00,0.38866,0.38288,-126.6265145063453
2023-02-20 18:20:00+00:00,2023-02-20 19:45:00+00:00,0.38199,0.38619,37.05534046549383
2023-02-20 21:35:00+00:00,2023-02-20 23:35:00+00:00,0.38315,0.38606,15.965341243658258
2023-02-20 23:45:00+00:00,2023-02-21 01:00:00+00:00,0.38716,0.38643,-42.82803082016926
2023-02-21 02:05:00+00:00,2023-02-21 03:00:00+00:00,0.386,0.38793,-0.15386951656728343
2023-02-21 03:10:00+00:00,2023-02-21 04:15:00+00:00,0.39594,0.39807,2.159913531118036
2023-02-21 04:45:00+00:00,2023-02-21 06:05:00+00:00,0.40494,0.43605,435.46678755070207
2023-02-21 06:15:00+00:00,2023-02-21 06:50:00+00:00,0.44253,0.42945,-223.59988173703277
2023-02-21 07:15:00+00:00,2023-02-21 07:20:00+00:00,0.42165,0.42213,-24.14446075167234
2023-02-21 07:50:00+00:00,2023-02-21 08:45:00+00:00,0.42919,0.40924,-317.137209147053
2023-02-21 09:20:00+00:00,2023-02-21 10:40:00+00:00,0.43966,0.44938,99.29048128379418
2023-02-21 11:30:00+00:00,2023-02-21 11:35:00+00:00,0.45897,0.45284,-108.10897173511694
2023-02-21 11:55:00+00:00,2023-02-21 12:00:00+00:00,0.44257,0.438,-88.19380737638949
2023-02-21 12:40:00+00:00,2023-02-21 13:05:00+00:00,0.45012,0.44566,-84.06188076663602
2023-02-21 16:55:00+00:00,2023-02-21 17:00:00+00:00,0.40863,0.40813,-34.47845274062729
2023-02-21 17:55:00+00:00,2023-02-21 19:25:00+00:00,0.41634,0.41225,-81.01451720676505
2023-02-21 20:10:00+00:00,2023-02-21 21:05:00+00:00,0.417,0.4117,-94.8548486117088
2023-02-21 22:40:00+00:00,2023-02-22 00:20:00+00:00,0.41099,0.41305,-0.06711588449343253
2023-02-22 01:05:00+00:00,2023-02-22 02:00:00+00:00,0.41095,0.40372,-117.65267731207314
2023-02-22 02:55:00+00:00,2023-02-22 04:25:00+00:00,0.40533,0.40196,-67.4853688175881
2023-02-22 06:00:00+00:00,2023-02-22 06:20:00+00:00,0.3998,0.39368,-100.99324458530646
2023-02-22 07:00:00+00:00,2023-02-22 08:15:00+00:00,0.38768,0.38867,-11.967355492318347
2023-02-22 08:45:00+00:00,2023-02-22 08:50:00+00:00,0.37216,0.37533,16.786469948309787
2023-02-22 09:30:00+00:00,2023-02-22 11:10:00+00:00,0.38128,0.39101,98.34591605896094
2023-02-22 11:20:00+00:00,2023-02-22 11:50:00+00:00,0.39856,0.38753,-159.31634020970523
2023-02-22 12:25:00+00:00,2023-02-22 12:55:00+00:00,0.3948,0.38884,-94.3694247087069
2023-02-22 13:45:00+00:00,2023-02-22 14:15:00+00:00,0.39329,0.38723,-93.44552564036621
2023-02-22 14:45:00+00:00,2023-02-22 15:05:00+00:00,0.39042,0.38219,-116.3695408713229
2023-02-22 18:00:00+00:00,2023-02-22 18:55:00+00:00,0.38594,0.38284,-56.41154839630053
2023-02-22 19:10:00+00:00,2023-02-23 01:00:00+00:00,0.39422,0.399,30.124259694463944
2023-02-23 01:15:00+00:00,2023-02-23 01:20:00+00:00,0.39847,0.39847,-21.363885657809988
2023-02-23 02:10:00+00:00,2023-02-23 03:15:00+00:00,0.40711,0.40346,-58.88719048186158
2023-02-23 03:20:00+00:00,2023-02-23 04:05:00+00:00,0.41538,0.4182,7.284055124598126
2023-02-23 04:10:00+00:00,2023-02-23 04:35:00+00:00,0.41864,0.41636,-43.10234630231707
2023-02-23 05:25:00+00:00,2023-02-23 05:50:00+00:00,0.42124,0.41594,-71.36075367914873
2023-02-23 07:10:00+00:00,2023-02-23 09:10:00+00:00,0.41916,0.41886,-22.745542721860602
2023-02-23 09:55:00+00:00,2023-02-23 10:00:00+00:00,0.41064,0.41035,-22.465291894488928
2023-02-23 10:25:00+00:00,2023-02-23 10:40:00+00:00,0.41028,0.40706,-49.921692653437276
2023-02-23 12:25:00+00:00,2023-02-23 13:35:00+00:00,0.39855,0.40396,32.564085409441304
2023-02-23 14:20:00+00:00,2023-02-23 14:35:00+00:00,0.40492,0.4022,-44.88299305899909
2023-02-23 17:50:00+00:00,2023-02-23 18:10:00+00:00,0.39695,0.3925,-61.02512280334531
2023-02-23 18:40:00+00:00,2023-02-23 18:50:00+00:00,0.39334,0.39473,-5.487208756554082
2023-02-23 18:55:00+00:00,2023-02-23 19:30:00+00:00,0.39497,0.39899,18.83722520312631
2023-02-23 19:35:00+00:00,2023-02-23 20:00:00+00:00,0.40021,0.39779,-40.479635126990615
2023-02-23 20:20:00+00:00,2023-02-23 20:30:00+00:00,0.40075,0.40075,-18.07887668996591
2023-02-23 20:50:00+00:00,2023-02-23 20:55:00+00:00,0.40079,0.39874,-36.116832143190095
2023-02-23 21:25:00+00:00,2023-02-23 22:00:00+00:00,0.40278,0.39819,-57.608608116333016
2023-02-23 22:45:00+00:00,2023-02-24 02:10:00+00:00,0.39833,0.41427,120.15074654436921
2023-02-24 04:35:00+00:00,2023-02-24 05:05:00+00:00,0.411,0.40711,-51.22816226788336
2023-02-24 07:50:00+00:00,2023-02-24 09:40:00+00:00,0.40396,0.41383,67.28861738718842
2023-02-24 10:45:00+00:00,2023-02-24 12:05:00+00:00,0.42251,0.41738,-60.36448578316049
2023-02-24 12:20:00+00:00,2023-02-24 12:50:00+00:00,0.42519,0.41401,-107.7067916304336
2023-02-24 13:40:00+00:00,2023-02-24 15:20:00+00:00,0.41572,0.43542,140.43896779501029
2023-02-24 16:50:00+00:00,2023-02-24 17:45:00+00:00,0.42446,0.41963,-56.39189558709768
2023-02-24 20:00:00+00:00,2023-02-24 21:25:00+00:00,0.41879,0.42026,-5.097433730692956
2023-02-24 22:55:00+00:00,2023-02-25 00:35:00+00:00,0.42802,0.44897,146.81727170218346
2023-02-25 01:05:00+00:00,2023-02-25 02:35:00+00:00,0.45181,0.43593,-139.454627030113
2023-02-25 04:00:00+00:00,2023-02-25 04:50:00+00:00,0.4269,0.42242,-51.46170254446133
2023-02-25 06:20:00+00:00,2023-02-25 06:55:00+00:00,0.41939,0.42515,28.29096264717373
2023-02-25 07:00:00+00:00,2023-02-25 07:25:00+00:00,0.42672,0.4235,-40.98417155545894
2023-02-25 09:00:00+00:00,2023-02-25 09:30:00+00:00,0.42203,0.41591,-62.54960097464755
2023-02-25 09:45:00+00:00,2023-02-25 09:50:00+00:00,0.41897,0.41661,-33.31028303486573
2023-02-25 11:05:00+00:00,2023-02-25 11:25:00+00:00,0.4132,0.41557,2.1863442857475093
2023-02-25 13:40:00+00:00,2023-02-25 15:45:00+00:00,0.40861,0.40818,-18.618692927050688
2023-02-25 17:40:00+00:00,2023-02-25 18:15:00+00:00,0.4094,0.40828,-23.513837544946455
2023-02-25 21:10:00+00:00,2023-02-25 23:25:00+00:00,0.39161,0.40673,100.46460713099168
2023-02-25 23:30:00+00:00,2023-02-26 00:15:00+00:00,0.40767,0.39969,-75.666084157353
2023-02-26 01:55:00+00:00,2023-02-26 04:40:00+00:00,0.40471,0.40367,-22.675186466030482
2023-02-26 05:00:00+00:00,2023-02-26 05:15:00+00:00,0.40421,0.40457,-12.189400299684621
2023-02-26 07:50:00+00:00,2023-02-26 08:20:00+00:00,0.40679,0.40144,-53.10206324476485
2023-02-26 09:15:00+00:00,2023-02-26 09:55:00+00:00,0.40524,0.40696,-2.2283738631031156
2023-02-26 10:00:00+00:00,2023-02-26 11:25:00+00:00,0.40785,0.4046,-36.87300421480177
2023-02-26 11:55:00+00:00,2023-02-26 12:50:00+00:00,0.41,0.40746,-31.271471107280377
2023-02-26 14:20:00+00:00,2023-02-26 15:25:00+00:00,0.40841,0.40457,-39.56238754545075
2023-02-26 17:55:00+00:00,2023-02-26 20:45:00+00:00,0.40442,0.41642,66.28276962520613
2023-02-26 20:55:00+00:00,2023-02-26 22:15:00+00:00,0.41736,0.41327,-40.64163226705978
2023-02-26 23:30:00+00:00,2023-02-27 00:45:00+00:00,0.41345,0.41355,-12.855080664680827
2023-02-27 02:00:00+00:00,2023-02-27 03:00:00+00:00,0.41745,0.41593,-23.064013415209956
2023-02-27 03:10:00+00:00,2023-02-27 04:30:00+00:00,0.41665,0.42734,54.16307749448288
2023-02-27 05:00:00+00:00,2023-02-27 05:10:00+00:00,0.42519,0.423,-27.125605971408277
2023-02-27 06:05:00+00:00,2023-02-27 06:10:00+00:00,0.41964,0.42022,-9.56475191265963
2023-02-27 06:15:00+00:00,2023-02-27 06:35:00+00:00,0.42014,0.41731,-30.612954963835364
2023-02-27 09:40:00+00:00,2023-02-27 14:30:00+00:00,0.412,0.43393,123.3806808120321
2023-02-27 14:35:00+00:00,2023-02-27 15:35:00+00:00,0.433,0.4352,0.14867628915726527
2023-02-27 16:15:00+00:00,2023-02-27 18:30:00+00:00,0.43002,0.43301,5.120407103527214
2023-02-27 19:20:00+00:00,2023-02-27 19:50:00+00:00,0.4343,0.42872,-47.32067126522497
2023-02-27 20:35:00+00:00,2023-02-27 20:40:00+00:00,0.42295,0.42058,-27.501171085933493
2023-02-27 20:55:00+00:00,2023-02-27 21:40:00+00:00,0.42819,0.42964,-4.17445805053103
2023-02-27 22:10:00+00:00,2023-02-28 00:50:00+00:00,0.43184,0.43997,34.92319248249714
2023-02-28 01:45:00+00:00,2023-02-28 04:10:00+00:00,0.44904,0.50031,278.5937751068968
2023-02-28 06:45:00+00:00,2023-02-28 07:30:00+00:00,0.46677,0.45489,-85.80406510126568
2023-02-28 09:50:00+00:00,2023-02-28 10:35:00+00:00,0.45621,0.45207,-38.300667195274855
2023-02-28 10:55:00+00:00,2023-02-28 12:35:00+00:00,0.4593,0.4757,81.76218624816147
2023-02-28 12:55:00+00:00,2023-02-28 13:40:00+00:00,0.4725,0.46382,-63.928228484226565
2023-02-28 14:35:00+00:00,2023-02-28 15:00:00+00:00,0.47092,0.47052,-15.600090671538055
2023-02-28 15:35:00+00:00,2023-02-28 16:00:00+00:00,0.48362,0.49562,51.97896532389086
2023-02-28 16:05:00+00:00,2023-02-28 16:55:00+00:00,0.50969,0.48339,-150.91457955534725
2023-02-28 17:45:00+00:00,2023-02-28 19:10:00+00:00,0.49498,0.5069,47.68771047608652
2023-02-28 19:40:00+00:00,2023-02-28 21:00:00+00:00,0.5163,0.50669,-59.973234875131766
2023-02-28 22:05:00+00:00,2023-02-28 23:15:00+00:00,0.50623,0.49866,-49.24888716992018
2023-03-01 00:05:00+00:00,2023-03-01 00:50:00+00:00,0.52019,0.49455,-130.57138998995424
2023-03-01 01:05:00+00:00,2023-03-01 01:10:00+00:00,0.49948,0.49674,-23.78270170236692
2023-03-01 01:55:00+00:00,2023-03-01 03:45:00+00:00,0.50674,0.50986,2.5216275541565665
2023-03-01 04:05:00+00:00,2023-03-01 04:50:00+00:00,0.51562,0.524,24.915115276920915
2023-03-01 04:55:00+00:00,2023-03-01 07:10:00+00:00,0.5224,0.52266,-10.108622828049192
2023-03-01 08:05:00+00:00,2023-03-01 09:10:00+00:00,0.52287,0.52957,17.225502982551916
2023-03-01 09:20:00+00:00,2023-03-01 09:30:00+00:00,0.53161,0.52925,-20.98820639284895
2023-03-01 10:15:00+00:00,2023-03-01 11:25:00+00:00,0.5322,0.54728,50.94913212897609
2023-03-01 11:30:00+00:00,2023-03-01 11:50:00+00:00,0.54501,0.5358,-48.78558823451431
2023-03-01 12:10:00+00:00,2023-03-01 13:10:00+00:00,0.54902,0.54403,-30.56819192308285
2023-03-01 15:25:00+00:00,2023-03-01 16:05:00+00:00,0.55462,0.55282,-17.572581229659136
2023-03-01 16:40:00+00:00,2023-03-01 17:05:00+00:00,0.53655,0.53525,-15.616143790858132
2023-03-01 17:55:00+00:00,2023-03-01 19:55:00+00:00,0.5363,0.53478,-16.274708872383144
2023-03-01 20:35:00+00:00,2023-03-01 20:40:00+00:00,0.53273,0.53256,-10.925095338997608
2023-03-01 20:50:00+00:00,2023-03-01 21:20:00+00:00,0.54487,0.54583,-6.602308103883843
2023-03-01 21:25:00+00:00,2023-03-01 22:25:00+00:00,0.54458,0.54582,-5.514382278518269
2023-03-02 00:40:00+00:00,2023-03-02 01:40:00+00:00,0.54985,0.53793,-53.16969819302335
2023-03-02 04:05:00+00:00,2023-03-02 04:35:00+00:00,0.52494,0.52499,-9.507261590682447
2023-03-02 04:40:00+00:00,2023-03-02 05:55:00+00:00,0.52922,0.52979,-7.538616170550995
2023-03-02 08:25:00+00:00,2023-03-02 09:55:00+00:00,0.51168,0.50523,-33.364849080140175
2023-03-02 10:10:00+00:00,2023-03-02 10:15:00+00:00,0.50393,0.50525,-4.450424811140692
2023-03-02 11:45:00+00:00,2023-03-02 11:50:00+00:00,0.5027,0.50109,-15.108629448365264
2023-03-02 12:55:00+00:00,2023-03-02 16:20:00+00:00,0.49889,0.52019,68.262844554004
2023-03-02 18:40:00+00:00,2023-03-02 19:40:00+00:00,0.51727,0.5315,42.061319950819325
2023-03-02 21:05:00+00:00,2023-03-02 21:10:00+00:00,0.52384,0.52416,-8.400117273844671
2023-03-02 22:20:00+00:00,2023-03-02 23:50:00+00:00,0.52748,0.52687,-11.653012705872243
2023-03-03 03:20:00+00:00,2023-03-03 03:40:00+00:00,0.44856,0.45234,6.341575995276344
2023-03-03 04:20:00+00:00,2023-03-03 05:30:00+00:00,0.45965,0.45703,-19.96070115821044
2023-03-03 06:20:00+00:00,2023-03-03 06:45:00+00:00,0.46229,0.46371,-3.5788386547212667
2023-03-03 08:55:00+00:00,2023-03-03 09:30:00+00:00,0.45994,0.4572,-19.98084254557034
2023-03-03 10:30:00+00:00,2023-03-03 12:05:00+00:00,0.45749,0.45312,-26.10010709597327
2023-03-03 13:35:00+00:00,2023-03-03 14:50:00+00:00,0.44972,0.45626,16.70922587199766
2023-03-03 16:45:00+00:00,2023-03-03 18:00:00+00:00,0.44984,0.44789,-16.505807689379253
2023-03-03 18:20:00+00:00,2023-03-03 19:40:00+00:00,0.45794,0.45664,-13.669724643355721
2023-03-03 19:45:00+00:00,2023-03-03 20:30:00+00:00,0.45975,0.45668,-20.08245426521171
2023-03-03 22:30:00+00:00,2023-03-04 00:15:00+00:00,0.45517,0.45618,-4.735687053501124
2023-03-04 01:40:00+00:00,2023-03-04 02:40:00+00:00,0.45227,0.45421,-1.2318273124819825
2023-03-04 06:00:00+00:00,2023-03-04 08:05:00+00:00,0.43245,0.43836,14.386526004778034
2023-03-04 10:05:00+00:00,2023-03-04 10:30:00+00:00,0.43293,0.42786,-27.962479907301258
2023-03-04 13:00:00+00:00,2023-03-04 14:30:00+00:00,0.43041,0.44482,46.51635669157895
2023-03-04 14:40:00+00:00,2023-03-04 15:35:00+00:00,0.44857,0.44924,-5.906900395151524
2023-03-04 16:25:00+00:00,2023-03-04 18:10:00+00:00,0.45887,0.47614,54.082594735010844
2023-03-04 18:20:00+00:00,2023-03-04 19:10:00+00:00,0.48397,0.4746,-41.54556671531395
2023-03-04 21:50:00+00:00,2023-03-04 22:05:00+00:00,0.45786,0.45589,-15.428352100544089
2023-03-04 22:15:00+00:00,2023-03-05 00:30:00+00:00,0.46586,0.47028,7.276359426285353
2023-03-05 01:25:00+00:00,2023-03-05 02:40:00+00:00,0.48202,0.47268,-39.76374540284269
2023-03-05 03:00:00+00:00,2023-03-05 04:00:00+00:00,0.47473,0.47819,3.58046938567054
2023-03-05 04:15:00+00:00,2023-03-05 04:55:00+00:00,0.48289,0.49259,23.76303783339017
2023-03-05 05:00:00+00:00,2023-03-05 05:45:00+00:00,0.49252,0.48483,-32.88347139754728
2023-03-05 09:20:00+00:00,2023-03-05 10:15:00+00:00,0.47475,0.47205,-16.633778525756952
2023-03-05 10:50:00+00:00,2023-03-05 12:05:00+00:00,0.47775,0.47433,-18.623217595303004
2023-03-05 13:15:00+00:00,2023-03-05 15:25:00+00:00,0.47834,0.47935,-4.377645998328262
2023-03-05 16:35:00+00:00,2023-03-05 17:00:00+00:00,0.47867,0.47602,-15.742792357901408
2023-03-05 17:40:00+00:00,2023-03-05 18:05:00+00:00,0.47357,0.47214,-11.806243668430852
2023-03-05 18:25:00+00:00,2023-03-05 18:30:00+00:00,0.46384,0.46432,-5.780113847606117
2023-03-05 21:05:00+00:00,2023-03-05 22:15:00+00:00,0.46549,0.47131,10.73502858673828
2023-03-06 02:40:00+00:00,2023-03-06 03:00:00+00:00,0.4404,0.44372,3.616969617888799
2023-03-06 03:05:00+00:00,2023-03-06 03:55:00+00:00,0.44469,0.44236,-14.734167309883787
2023-03-06 05:30:00+00:00,2023-03-06 08:05:00+00:00,0.44139,0.4436,-0.025750584971092394
2023-03-06 08:45:00+00:00,2023-03-06 09:30:00+00:00,0.45187,0.446,-25.33998310481661
2023-03-06 09:55:00+00:00,2023-03-06 10:40:00+00:00,0.4476,0.44745,-7.367330391996802
2023-03-06 13:25:00+00:00,2023-03-06 16:35:00+00:00,0.44668,0.44454,-13.352474608004968
2023-03-06 18:35:00+00:00,2023-03-06 19:15:00+00:00,0.44445,0.44395,-8.242699977767415
2023-03-06 20:00:00+00:00,2023-03-06 20:10:00+00:00,0.43953,0.44126,-1.4434867018023851
2023-03-06 20:15:00+00:00,2023-03-06 21:05:00+00:00,0.44071,0.43489,-24.01643899939768
2023-03-06 21:35:00+00:00,2023-03-06 22:35:00+00:00,0.43931,0.44143,-0.25659128876509385
2023-03-06 22:40:00+00:00,2023-03-06 23:15:00+00:00,0.44212,0.43991,-12.833249361815433
2023-03-07 01:10:00+00:00,2023-03-07 02:45:00+00:00,0.44787,0.44545,-13.152139932490627
2023-03-07 03:10:00+00:00,2023-03-07 03:35:00+00:00,0.44568,0.4433,-12.87210662599523
2023-03-07 08:35:00+00:00,2023-03-07 09:25:00+00:00,0.43905,0.43652,-13.19206718232681
2023-03-07 09:35:00+00:00,2023-03-07 10:40:00+00:00,0.44256,0.43439,-28.270458936539853
2023-03-07 11:55:00+00:00,2023-03-07 12:00:00+00:00,0.42759,0.42396,-15.808170234410682
2023-03-07 12:20:00+00:00,2023-03-07 13:45:00+00:00,0.42743,0.42859,-2.6537886776204687
2023-03-07 16:00:00+00:00,2023-03-07 16:35:00+00:00,0.41951,0.41171,-26.921163816565013
2023-03-07 17:30:00+00:00,2023-03-07 18:35:00+00:00,0.41552,0.41579,-4.845660635774493
2023-03-07 21:15:00+00:00,2023-03-07 21:20:00+00:00,0.40385,0.40371,-5.89370860176291
2023-03-07 23:05:00+00:00,2023-03-08 01:55:00+00:00,0.40768,0.41196,5.943125580880405
2023-03-08 03:30:00+00:00,2023-03-08 03:35:00+00:00,0.40555,0.40804,1.2108743098110608
2023-03-08 04:05:00+00:00,2023-03-08 05:00:00+00:00,0.41014,0.4071,-13.457835625597681
2023-03-08 06:15:00+00:00,2023-03-08 06:30:00+00:00,0.3995,0.39952,-5.290117532596696
2023-03-08 06:35:00+00:00,2023-03-08 07:30:00+00:00,0.40067,0.39817,-11.859142222047922
2023-03-08 07:40:00+00:00,2023-03-08 09:10:00+00:00,0.40229,0.3965,-20.112262018748766
2023-03-08 10:45:00+00:00,2023-03-08 11:20:00+00:00,0.40103,0.39575,-18.38546072828217
2023-03-08 14:45:00+00:00,2023-03-08 14:50:00+00:00,0.37618,0.3761,-5.17190939488944
2023-03-08 15:10:00+00:00,2023-03-08 16:20:00+00:00,0.37959,0.38208,1.4998477306279483
2023-03-08 17:05:00+00:00,2023-03-08 17:30:00+00:00,0.38199,0.37889,-12.798378092426447
2023-03-08 20:35:00+00:00,2023-03-08 21:20:00+00:00,0.36931,0.36989,-3.3040841793156233
2023-03-08 21:25:00+00:00,2023-03-08 21:50:00+00:00,0.37011,0.36513,-17.526413201065452
2023-03-08 22:25:00+00:00,2023-03-08 22:30:00+00:00,0.36382,0.364,-4.196375985365194
2023-03-08 23:50:00+00:00,2023-03-09 00:45:00+00:00,0.36309,0.35286,-30.460617929742398
2023-03-09 01:25:00+00:00,2023-03-09 03:05:00+00:00,0.3571,0.3684,23.497510528767066
2023-03-09 04:10:00+00:00,2023-03-09 06:10:00+00:00,0.37327,0.3678,-17.742842660897736
2023-03-09 08:10:00+00:00,2023-03-09 10:10:00+00:00,0.36103,0.36883,14.582217977953519
2023-03-09 11:00:00+00:00,2023-03-09 12:20:00+00:00,0.37097,0.36802,-11.54404535955041
2023-03-09 13:20:00+00:00,2023-03-09 13:25:00+00:00,0.36821,0.36648,-8.495288460242591
2023-03-09 13:40:00+00:00,2023-03-09 15:25:00+00:00,0.37222,0.37552,3.306388844798107
2023-03-09 19:25:00+00:00,2023-03-09 19:55:00+00:00,0.35397,0.3527,-7.406089577560351
2023-03-09 20:00:00+00:00,2023-03-09 20:10:00+00:00,0.35345,0.3493,-14.222072864489178
2023-03-09 21:40:00+00:00,2023-03-09 21:45:00+00:00,0.32701,0.32883,0.4485332908708415
2023-03-09 23:20:00+00:00,2023-03-10 00:15:00+00:00,0.33066,0.3238,-21.292805046530702
2023-03-10 00:30:00+00:00,2023-03-10 00:55:00+00:00,0.3295,0.32319,-19.36453879257465
2023-03-10 01:25:00+00:00,2023-03-10 01:45:00+00:00,0.31994,0.32508,8.587510276531702
2023-03-10 01:50:00+00:00,2023-03-10 04:00:00+00:00,0.32495,0.32437,-5.328426332728327
2023-03-10 05:35:00+00:00,2023-03-10 06:40:00+00:00,0.32514,0.32339,-8.047562242056983
2023-03-10 08:10:00+00:00,2023-03-10 08:35:00+00:00,0.31975,0.31551,-13.922909382845091
2023-03-10 11:10:00+00:00,2023-03-10 14:45:00+00:00,0.29458,0.31017,35.62761236652477
2023-03-10 15:25:00+00:00,2023-03-10 15:35:00+00:00,0.31303,0.31528,1.6769031211074434
2023-03-10 15:45:00+00:00,2023-03-10 17:15:00+00:00,0.31589,0.31893,3.5553767400845118
2023-03-10 17:45:00+00:00,2023-03-10 18:10:00+00:00,0.32525,0.32865,4.195143214204904
2023-03-10 18:15:00+00:00,2023-03-10 18:50:00+00:00,0.32797,0.32299,-15.624064196796553
2023-03-10 19:45:00+00:00,2023-03-10 21:00:00+00:00,0.32532,0.32514,-4.204870061808606
2023-03-10 21:40:00+00:00,2023-03-10 21:45:00+00:00,0.32044,0.3198,-5.237582962711144
2023-03-10 22:00:00+00:00,2023-03-11 00:20:00+00:00,0.32669,0.33289,10.282425240432417
2023-03-11 00:40:00+00:00,2023-03-11 02:00:00+00:00,0.33601,0.33301,-10.37329222491087
2023-03-11 04:30:00+00:00,2023-03-11 04:55:00+00:00,0.31443,0.31847,5.706753145997254
2023-03-11 05:00:00+00:00,2023-03-11 07:15:00+00:00,0.31827,0.32195,4.781691454317411
2023-03-11 08:35:00+00:00,2023-03-11 10:20:00+00:00,0.31203,0.30954,-9.526448928705804
2023-03-11 12:10:00+00:00,2023-03-11 13:00:00+00:00,0.30941,0.30353,-17.286989556659137
2023-03-11 13:45:00+00:00,2023-03-11 14:55:00+00:00,0.30774,0.30614,-7.143826144944114
2023-03-11 16:50:00+00:00,2023-03-11 18:50:00+00:00,0.29873,0.30359,7.737305895746999
2023-03-11 19:00:00+00:00,2023-03-11 19:15:00+00:00,0.303,0.30177,-6.289788858713337
2023-03-11 19:35:00+00:00,2023-03-11 21:40:00+00:00,0.30478,0.30788,3.5131377714270684
2023-03-11 22:25:00+00:00,2023-03-11 22:50:00+00:00,0.31131,0.3081,-10.470742254342213
2023-03-11 23:55:00+00:00,2023-03-12 00:30:00+00:00,0.313,0.3076,-14.902734507560922
2023-03-12 01:10:00+00:00,2023-03-12 01:50:00+00:00,0.31258,0.30912,-10.475122652775326
2023-03-12 03:05:00+00:00,2023-03-12 05:15:00+00:00,0.31175,0.31383,1.04945344282703
2023-03-12 05:20:00+00:00,2023-03-12 05:50:00+00:00,0.3133,0.31145,-6.941510781555621
2023-03-12 06:25:00+00:00,2023-03-12 06:30:00+00:00,0.31074,0.31076,-3.100673739210606
2023-03-12 07:30:00+00:00,2023-03-12 07:50:00+00:00,0.31074,0.30554,-13.46567312097045
2023-03-12 08:25:00+00:00,2023-03-12 10:40:00+00:00,0.31074,0.31402,3.331572259045288
2023-03-12 11:25:00+00:00,2023-03-12 12:00:00+00:00,0.31526,0.3143,-4.863971887238904
2023-03-12 12:10:00+00:00,2023-03-12 12:15:00+00:00,0.31337,0.3108,-7.8680100491407075
2023-03-12 12:40:00+00:00,2023-03-12 14:25:00+00:00,0.31626,0.32006,4.0831243759183735
2023-03-12 15:25:00+00:00,2023-03-12 15:50:00+00:00,0.32088,0.31773,-8.685977506327617
2023-03-12 17:10:00+00:00,2023-03-12 18:30:00+00:00,0.31932,0.32678,10.52010964067199
2023-03-12 18:40:00+00:00,2023-03-12 19:45:00+00:00,0.33117,0.33045,-4.1845949690805355
2023-03-12 20:20:00+00:00,2023-03-12 23:25:00+00:00,0.33361,0.36991,59.59375208591132
2023-03-12 23:30:00+00:00,2023-03-13 00:30:00+00:00,0.36548,0.37441,12.233846455652042
2023-03-13 00:35:00+00:00,2023-03-13 01:20:00+00:00,0.37428,0.37188,-7.311893463337583
2023-03-13 05:45:00+00:00,2023-03-13 06:20:00+00:00,0.36993,0.36238,-15.994654287374601
2023-03-13 07:40:00+00:00,2023-03-13 08:10:00+00:00,0.36697,0.36198,-11.357773561048816
2023-03-13 10:40:00+00:00,2023-03-13 11:35:00+00:00,0.35476,0.35276,-6.350578794066564
2023-03-13 13:15:00+00:00,2023-03-13 14:20:00+00:00,0.35845,0.36867,13.770637670955693
2023-03-13 14:25:00+00:00,2023-03-13 16:35:00+00:00,0.3796,0.37937,-3.3618497509143026
2023-03-13 18:05:00+00:00,2023-03-13 19:25:00+00:00,0.388,0.3887,-1.9026751600557645
2023-03-13 20:05:00+00:00,2023-03-13 20:30:00+00:00,0.3925,0.38595,-12.72104967135897
2023-03-13 20:50:00+00:00,2023-03-13 20:55:00+00:00,0.38715,0.38721,-2.777680256346116
2023-03-13 22:15:00+00:00,2023-03-13 23:10:00+00:00,0.39256,0.39183,-3.888119031221663
2023-03-14 00:00:00+00:00,2023-03-14 01:05:00+00:00,0.38937,0.39622,7.013531270197404
2023-03-14 04:05:00+00:00,2023-03-14 05:05:00+00:00,0.39117,0.39209,-1.5029485453000007
2023-03-14 05:10:00+00:00,2023-03-14 05:30:00+00:00,0.39167,0.38851,-7.305026344281828
2023-03-14 09:40:00+00:00,2023-03-14 12:10:00+00:00,0.38149,0.38684,4.930513548867452
2023-03-14 12:35:00+00:00,2023-03-14 15:00:00+00:00,0.40251,0.42223,24.18419176969587
2023-03-14 15:05:00+00:00,2023-03-14 16:45:00+00:00,0.42501,0.43547,11.188348715276447
2023-03-14 17:05:00+00:00,2023-03-14 17:20:00+00:00,0.47306,0.46602,-11.535305088170503
2023-03-14 17:25:00+00:00,2023-03-14 19:20:00+00:00,0.46879,0.50117,36.195351197721834
2023-03-14 19:50:00+00:00,2023-03-14 20:40:00+00:00,0.49724,0.49323,-7.829595160113627
2023-03-14 22:45:00+00:00,2023-03-14 22:55:00+00:00,0.48623,0.48354,-6.20157047311011
2023-03-14 23:00:00+00:00,2023-03-15 03:25:00+00:00,0.49101,0.52562,37.85896994828738
2023-03-15 03:55:00+00:00,2023-03-15 05:50:00+00:00,0.53856,0.52826,-14.802204050748855
2023-03-15 06:45:00+00:00,2023-03-15 08:35:00+00:00,0.55356,0.53669,-21.130076277121134
2023-03-15 12:35:00+00:00,2023-03-15 13:25:00+00:00,0.50656,0.50457,-5.115255602571551
2023-03-15 13:30:00+00:00,2023-03-15 14:05:00+00:00,0.50326,0.4942,-12.973542738788183
2023-03-15 16:55:00+00:00,2023-03-15 17:00:00+00:00,0.42466,0.41772,-11.703602808536061
2023-03-15 17:30:00+00:00,2023-03-15 19:25:00+00:00,0.44265,0.46518,24.468628853829046
2023-03-15 20:35:00+00:00,2023-03-15 21:05:00+00:00,0.46272,0.45727,-9.325135650944276
2023-03-15 21:55:00+00:00,2023-03-15 22:40:00+00:00,0.46517,0.45404,-15.719455621981524
2023-03-16 00:25:00+00:00,2023-03-16 01:00:00+00:00,0.47398,0.44905,-30.232915457433137
2023-03-16 01:40:00+00:00,2023-03-16 03:15:00+00:00,0.46868,0.4625,-8.962031747264064
2023-03-16 03:50:00+00:00,2023-03-16 04:00:00+00:00,0.46108,0.46805,4.851880288986024
2023-03-16 04:15:00+00:00,2023-03-16 04:50:00+00:00,0.47161,0.45757,-16.812679895724727
2023-03-16 05:30:00+00:00,2023-03-16 06:25:00+00:00,0.46812,0.47378,3.279408581280336
2023-03-16 06:40:00+00:00,2023-03-16 08:50:00+00:00,0.47604,0.4859,7.295447345761943
2023-03-16 09:45:00+00:00,2023-03-16 10:05:00+00:00,0.4929,0.49521,-0.15911349346987436
2023-03-16 10:10:00+00:00,2023-03-16 12:20:00+00:00,0.49352,0.49964,3.4476518684549546
2023-03-16 13:45:00+00:00,2023-03-16 15:15:00+00:00,0.50108,0.50429,0.6470393846065576
2023-03-16 16:05:00+00:00,2023-03-16 16:15:00+00:00,0.50444,0.49934,-7.065407430131927
2023-03-16 16:55:00+00:00,2023-03-16 17:15:00+00:00,0.49637,0.48747,-10.501728389839457
2023-03-16 19:05:00+00:00,2023-03-16 20:20:00+00:00,0.49169,0.49012,-3.6554662216986458
2023-03-16 22:10:00+00:00,2023-03-17 00:05:00+00:00,0.48368,0.49707,9.946129149232036
2023-03-17 01:30:00+00:00,2023-03-17 02:50:00+00:00,0.4917,0.50039,5.648845327728452
2023-03-17 03:50:00+00:00,2023-03-17 04:30:00+00:00,0.49858,0.49798,-2.802658764413991
2023-03-17 06:45:00+00:00,2023-03-17 07:45:00+00:00,0.49524,0.49302,-4.230454338774905
2023-03-17 09:35:00+00:00,2023-03-17 09:55:00+00:00,0.49117,0.49357,-0.06088311506618993
2023-03-17 10:00:00+00:00,2023-03-17 11:35:00+00:00,0.49644,0.52741,25.024589224870567
2023-03-17 13:00:00+00:00,2023-03-17 13:40:00+00:00,0.53873,0.53178,-8.225687318847292
2023-03-17 16:20:00+00:00,2023-03-17 16:40:00+00:00,0.51595,0.50746,-9.632483133870323
2023-03-17 17:10:00+00:00,2023-03-17 17:50:00+00:00,0.515,0.51784,0.21371615256902032
2023-03-17 17:55:00+00:00,2023-03-17 18:15:00+00:00,0.51864,0.51182,-7.900357212920312
2023-03-17 18:45:00+00:00,2023-03-17 21:30:00+00:00,0.50737,0.52971,16.565398524439104
2023-03-17 21:45:00+00:00,2023-03-18 02:50:00+00:00,0.53513,0.56546,22.67381284233693
2023-03-18 03:25:00+00:00,2023-03-18 03:50:00+00:00,0.577,0.57425,-4.49629051011533
2023-03-18 04:45:00+00:00,2023-03-18 06:05:00+00:00,0.57518,0.57751,-0.4408071925250283
2023-03-18 06:20:00+00:00,2023-03-18 06:30:00+00:00,0.57637,0.56727,-9.361397776135561
2023-03-18 07:55:00+00:00,2023-03-18 08:05:00+00:00,0.56691,0.56588,-2.9985466327568133
2023-03-18 09:45:00+00:00,2023-03-18 12:15:00+00:00,0.54974,0.54556,-5.469453545885585
2023-03-18 12:50:00+00:00,2023-03-18 12:55:00+00:00,0.54816,0.54803,-2.239185733173258
2023-03-18 13:15:00+00:00,2023-03-18 13:35:00+00:00,0.55467,0.54391,-10.286715656812135
2023-03-18 14:35:00+00:00,2023-03-18 15:05:00+00:00,0.54974,0.53879,-10.198993793268471
2023-03-18 17:05:00+00:00,2023-03-18 17:35:00+00:00,0.52879,0.51616,-11.469691023348844
2023-03-18 18:05:00+00:00,2023-03-18 19:15:00+00:00,0.52046,0.52,-2.265500900123641
2023-03-18 20:50:00+00:00,2023-03-18 21:30:00+00:00,0.52337,0.51893,-5.123019245203864
2023-03-18 22:30:00+00:00,2023-03-18 22:40:00+00:00,0.51588,0.51232,-4.439710888510206
2023-03-18 23:25:00+00:00,2023-03-19 02:20:00+00:00,0.5085,0.52191,7.813184986267913
2023-03-19 02:40:00+00:00,2023-03-19 02:55:00+00:00,0.52518,0.52094,-4.871629761062138
2023-03-19 03:55:00+00:00,2023-03-19 04:20:00+00:00,0.52773,0.52298,-5.122816447828313
2023-03-19 05:25:00+00:00,2023-03-19 06:30:00+00:00,0.5134,0.52487,6.205075500531905
2023-03-19 07:35:00+00:00,2023-03-19 07:40:00+00:00,0.51312,0.50765,-5.688973496972835
2023-03-19 11:55:00+00:00,2023-03-19 12:50:00+00:00,0.50548,0.49806,-6.9998650083784355
2023-03-19 14:35:00+00:00,2023-03-19 15:05:00+00:00,0.49631,0.50268,2.7063394000235235
2023-03-19 15:10:00+00:00,2023-03-19 16:30:00+00:00,0.50785,0.51152,0.7649639248413678
2023-03-19 16:35:00+00:00,2023-03-19 17:55:00+00:00,0.51705,0.51829,-0.9102405838440291
2023-03-19 18:30:00+00:00,2023-03-19 19:25:00+00:00,0.5252,0.52369,-2.7166739301950997
2023-03-19 22:25:00+00:00,2023-03-19 22:30:00+00:00,0.50293,0.50506,-0.26815765590691854
2023-03-19 22:55:00+00:00,2023-03-20 00:10:00+00:00,0.517,0.51253,-4.614036046754393
2023-03-20 00:30:00+00:00,2023-03-20 00:55:00+00:00,0.51853,0.51119,-6.3534707669795125
2023-03-20 01:20:00+00:00,2023-03-20 02:05:00+00:00,0.52347,0.51108,-9.276791598004309
2023-03-20 04:25:00+00:00,2023-03-20 06:45:00+00:00,0.48732,0.48944,-0.21087464495326458
2023-03-20 07:15:00+00:00,2023-03-20 07:40:00+00:00,0.502,0.5071,1.5953488983518582
2023-03-20 07:45:00+00:00,2023-03-20 08:45:00+00:00,0.50999,0.50203,-6.411859371426658
2023-03-20 10:25:00+00:00,2023-03-20 10:30:00+00:00,0.49489,0.49573,-1.0078234068300844
2023-03-20 11:30:00+00:00,2023-03-20 11:55:00+00:00,0.50375,0.496,-6.129854643056376
2023-03-20 13:15:00+00:00,2023-03-20 13:20:00+00:00,0.48927,0.49031,-0.8488873452756707
2023-03-20 14:05:00+00:00,2023-03-20 15:20:00+00:00,0.49061,0.48499,-4.7869364132034775
2023-03-20 18:50:00+00:00,2023-03-20 19:25:00+00:00,0.47074,0.45682,-9.834608283844773
2023-03-20 21:05:00+00:00,2023-03-20 22:10:00+00:00,0.47197,0.45739,-9.809470963672311
2023-03-21 00:05:00+00:00,2023-03-21 01:10:00+00:00,0.4597,0.45233,-5.5178265446172645
2023-03-21 01:55:00+00:00,2023-03-21 03:20:00+00:00,0.46297,0.46634,0.5753589981435425
2023-03-21 04:10:00+00:00,2023-03-21 04:40:00+00:00,0.4679,0.46142,-4.804601903214746
2023-03-21 05:15:00+00:00,2023-03-21 05:50:00+00:00,0.46767,0.46275,-3.863477613311886
2023-03-21 06:50:00+00:00,2023-03-21 07:45:00+00:00,0.46696,0.45656,-6.645734044779147
2023-03-21 08:55:00+00:00,2023-03-21 10:50:00+00:00,0.46048,0.46702,2.16280185840742
2023-03-21 11:45:00+00:00,2023-03-21 12:25:00+00:00,0.47251,0.47004,-2.4260332976558345
2023-03-21 12:40:00+00:00,2023-03-21 14:20:00+00:00,0.47636,0.48359,2.3659606795202706
2023-03-21 16:30:00+00:00,2023-03-21 17:20:00+00:00,0.48297,0.48031,-2.4669721165625447
2023-03-21 19:35:00+00:00,2023-03-21 21:35:00+00:00,0.47258,0.46952,-2.652025655446721
2023-03-21 23:00:00+00:00,2023-03-22 00:20:00+00:00,0.47139,0.47212,-0.7885704385316501
2023-03-22 01:10:00+00:00,2023-03-22 01:30:00+00:00,0.46514,0.46456,-1.410668732457907
2023-03-22 02:15:00+00:00,2023-03-22 04:15:00+00:00,0.46571,0.46838,0.15746591725186931
2023-03-22 05:15:00+00:00,2023-03-22 07:45:00+00:00,0.47305,0.48586,4.883648904505094
2023-03-22 08:35:00+00:00,2023-03-22 09:25:00+00:00,0.49288,0.4847,-4.8683651639463505
2023-03-22 09:40:00+00:00,2023-03-22 11:25:00+00:00,0.49069,0.4901,-1.3651830484783147
2023-03-22 12:40:00+00:00,2023-03-22 12:45:00+00:00,0.48133,0.47934,-1.9855084833212118
2023-03-22 13:15:00+00:00,2023-03-22 14:25:00+00:00,0.48299,0.48067,-2.1005626268911044
2023-03-22 14:35:00+00:00,2023-03-22 16:25:00+00:00,0.48259,0.5027,7.716611940315943
2023-03-22 16:55:00+00:00,2023-03-22 17:00:00+00:00,0.5013,0.49993,-1.6847264521655632
2023-03-22 17:50:00+00:00,2023-03-22 18:40:00+00:00,0.49682,0.49783,-0.6415436587222416
2023-03-22 19:35:00+00:00,2023-03-22 19:40:00+00:00,0.48852,0.47732,-5.945243759702265
2023-03-22 20:35:00+00:00,2023-03-22 22:35:00+00:00,0.49106,0.49525,0.7216515983613476
2023-03-22 23:25:00+00:00,2023-03-22 23:45:00+00:00,0.49268,0.4906,-1.8996410335684857
2023-03-23 00:15:00+00:00,2023-03-23 00:50:00+00:00,0.49731,0.49106,-3.5630021010688324
2023-03-23 02:30:00+00:00,2023-03-23 02:50:00+00:00,0.4822,0.48141,-1.3192748385148434
2023-03-23 02:55:00+00:00,2023-03-23 03:10:00+00:00,0.48137,0.47867,-2.080997794622874
2023-03-23 03:40:00+00:00,2023-03-23 05:15:00+00:00,0.4836,0.476,-3.9957169820549723
2023-03-23 05:40:00+00:00,2023-03-23 06:55:00+00:00,0.48977,0.49149,-0.28409114204788466
2023-03-23 07:10:00+00:00,2023-03-23 07:30:00+00:00,0.496,0.49229,-2.33233805518978
2023-03-23 08:10:00+00:00,2023-03-23 09:20:00+00:00,0.49967,0.49969,-0.9136257799937084
2023-03-23 15:00:00+00:00,2023-03-23 16:25:00+00:00,0.48821,0.49197,0.48564821070780795
2023-03-23 17:25:00+00:00,2023-03-23 17:30:00+00:00,0.4901,0.48854,-1.4858721867365716
2023-03-23 19:30:00+00:00,2023-03-24 00:05:00+00:00,0.48542,0.48641,-0.5333807709317284
2023-03-24 02:20:00+00:00,2023-03-24 02:25:00+00:00,0.48162,0.48149,-0.9384230622229666
2023-03-24 04:05:00+00:00,2023-03-24 04:35:00+00:00,0.48037,0.47633,-2.3567057779011407
2023-03-24 05:30:00+00:00,2023-03-24 06:05:00+00:00,0.48124,0.47779,-2.0998383818685227
2023-03-24 07:10:00+00:00,2023-03-24 09:05:00+00:00,0.48002,0.48339,0.33774636515366296
2023-03-24 09:35:00+00:00,2023-03-24 14:05:00+00:00,0.49305,0.48422,-3.87010584632975
2023-03-24 14:25:00+00:00,2023-03-24 15:05:00+00:00,0.5,0.49604,-2.123958825543127
2023-03-24 18:10:00+00:00,2023-03-24 20:35:00+00:00,0.48498,0.47632,-3.6873790171435132
2023-03-24 21:10:00+00:00,2023-03-24 21:25:00+00:00,0.47788,0.47469,-1.833395170621685
2023-03-24 22:05:00+00:00,2023-03-25 01:15:00+00:00,0.47813,0.478,-0.816249042236393
2023-03-25 02:20:00+00:00,2023-03-25 03:20:00+00:00,0.47926,0.47983,-0.5850248851064066
2023-03-25 07:15:00+00:00,2023-03-25 08:00:00+00:00,0.47019,0.46727,-1.698515305840516
2023-03-25 09:45:00+00:00,2023-03-25 10:30:00+00:00,0.46348,0.45635,-3.0355586913720174
2023-03-25 11:35:00+00:00,2023-03-25 12:10:00+00:00,0.46062,0.45446,-2.6675693950780044
2023-03-25 13:35:00+00:00,2023-03-25 14:25:00+00:00,0.45711,0.45588,-1.0927571379176868
2023-03-25 14:30:00+00:00,2023-03-25 14:35:00+00:00,0.45627,0.45688,-0.5157328346206498
2023-03-25 15:25:00+00:00,2023-03-25 17:00:00+00:00,0.45476,0.45284,-1.2818702035826561
2023-03-25 19:15:00+00:00,2023-03-25 19:30:00+00:00,0.43664,0.43383,-1.5662253622392939
2023-03-25 19:55:00+00:00,2023-03-25 20:00:00+00:00,0.43303,0.43286,-0.7282885293657557
2023-03-25 21:15:00+00:00,2023-03-25 22:30:00+00:00,0.43624,0.4346,-1.1686426634341558
2023-03-25 23:45:00+00:00,2023-03-26 01:00:00+00:00,0.43032,0.43759,1.5573929968555547
2023-03-26 01:05:00+00:00,2023-03-26 02:20:00+00:00,0.43699,0.43927,0.025413663822206445
2023-03-26 02:40:00+00:00,2023-03-26 03:30:00+00:00,0.442,0.44042,-1.130550012568733
2023-03-26 05:50:00+00:00,2023-03-26 06:40:00+00:00,0.44082,0.43795,-1.4960211538172814
2023-03-26 07:10:00+00:00,2023-03-26 08:05:00+00:00,0.44293,0.43809,-2.034826547952278
2023-03-26 08:45:00+00:00,2023-03-26 10:10:00+00:00,0.443,0.44316,-0.5825469169367352
2023-03-26 11:00:00+00:00,2023-03-26 13:20:00+00:00,0.44565,0.45067,0.7718218554025498
2023-03-26 13:25:00+00:00,2023-03-26 14:35:00+00:00,0.45032,0.44489,-2.1157308381477264
2023-03-26 17:40:00+00:00,2023-03-26 18:10:00+00:00,0.4435,0.44445,-0.34924006999669643
2023-03-26 18:15:00+00:00,2023-03-26 19:20:00+00:00,0.44409,0.44545,-0.23588156130999494
2023-03-26 19:25:00+00:00,2023-03-26 20:20:00+00:00,0.44447,0.44657,-0.035852043576838355
2023-03-26 21:55:00+00:00,2023-03-27 00:05:00+00:00,0.44162,0.44465,0.21796075490044586
2023-03-27 04:35:00+00:00,2023-03-27 04:40:00+00:00,0.42986,0.42967,-0.6469731675925914
2023-03-27 05:05:00+00:00,2023-03-27 05:30:00+00:00,0.43201,0.42814,-1.6375297509967623
2023-03-27 06:35:00+00:00,2023-03-27 07:50:00+00:00,0.42412,0.41932,-1.8777700070575065
2023-03-27 09:00:00+00:00,2023-03-27 12:05:00+00:00,0.42374,0.42274,-0.8305703112133642
2023-03-27 13:50:00+00:00,2023-03-27 14:20:00+00:00,0.42187,0.41449,-2.5014100298090938
2023-03-27 15:25:00+00:00,2023-03-27 16:40:00+00:00,0.40688,0.40562,-0.8775651964157731
2023-03-27 21:15:00+00:00,2023-03-28 00:50:00+00:00,0.40165,0.39986,-1.0111395893446655
2023-03-28 01:40:00+00:00,2023-03-28 02:30:00+00:00,0.40219,0.39608,-2.1249316935225124
2023-03-28 03:25:00+00:00,2023-03-28 03:45:00+00:00,0.3975,0.39929,-0.0534911344883966
2023-03-28 03:50:00+00:00,2023-03-28 05:35:00+00:00,0.3999,0.40006,-0.4713448202308257
2023-03-28 06:10:00+00:00,2023-03-28 07:00:00+00:00,0.40392,0.40245,-0.8745527186709126
2023-03-28 07:30:00+00:00,2023-03-28 08:05:00+00:00,0.40464,0.40076,-1.4550342968751124
2023-03-28 09:10:00+00:00,2023-03-28 09:15:00+00:00,0.39612,0.39656,-0.38214547160220036
2023-03-28 10:20:00+00:00,2023-03-28 10:40:00+00:00,0.3947,0.39136,-1.3050303243024928
2023-03-28 11:10:00+00:00,2023-03-28 13:35:00+00:00,0.39354,0.4014,1.4197741611437777
2023-03-28 13:55:00+00:00,2023-03-28 15:00:00+00:00,0.40566,0.40153,-1.4584925208413893
2023-03-28 15:40:00+00:00,2023-03-28 16:15:00+00:00,0.40394,0.39927,-1.5589690665401008
2023-03-28 18:50:00+00:00,2023-03-28 19:00:00+00:00,0.40482,0.4065,-0.08049323621861504
2023-03-28 19:05:00+00:00,2023-03-28 19:35:00+00:00,0.40651,0.41289,0.9756002383550566
2023-03-28 19:40:00+00:00,2023-03-28 21:50:00+00:00,0.4129,0.41422,-0.16810055612958763
2023-03-28 23:10:00+00:00,2023-03-29 00:20:00+00:00,0.41692,0.41792,-0.23986284446010586
2023-03-29 00:45:00+00:00,2023-03-29 02:50:00+00:00,0.42055,0.42688,0.9086814055997081
2023-03-29 04:15:00+00:00,2023-03-29 06:10:00+00:00,0.42936,0.43244,0.19565727691467316
2023-03-29 06:30:00+00:00,2023-03-29 07:05:00+00:00,0.44396,0.44027,-1.2111305345457026
2023-03-29 07:35:00+00:00,2023-03-29 08:00:00+00:00,0.44183,0.43879,-1.0614896225399804
2023-03-29 08:35:00+00:00,2023-03-29 10:00:00+00:00,0.4467,0.44577,-0.6230201848846093
2023-03-29 13:00:00+00:00,2023-03-29 14:45:00+00:00,0.43846,0.43096,-1.9166526540404618
2023-03-29 15:15:00+00:00,2023-03-29 16:10:00+00:00,0.44171,0.43238,-2.2036258781376716
2023-03-29 17:25:00+00:00,2023-03-29 18:00:00+00:00,0.43196,0.42961,-0.854748860577331
2023-03-29 18:50:00+00:00,2023-03-29 19:50:00+00:00,0.43098,0.43588,0.5102022529882362
2023-03-29 19:55:00+00:00,2023-03-29 20:10:00+00:00,0.43622,0.43569,-0.5024652494074786
2023-03-29 20:15:00+00:00,2023-03-29 21:45:00+00:00,0.43518,0.43837,0.18354216300849657
2023-03-29 23:00:00+00:00,2023-03-30 00:05:00+00:00,0.43922,0.43484,-1.190870681439094
2023-03-30 00:40:00+00:00,2023-03-30 00:55:00+00:00,0.43917,0.43194,-1.672397899969127
2023-03-30 02:10:00+00:00,2023-03-30 03:10:00+00:00,0.43585,0.4338,-0.7372757629186282
2023-03-30 03:45:00+00:00,2023-03-30 04:25:00+00:00,0.4294,0.43643,0.8473118388550063
2023-03-30 04:30:00+00:00,2023-03-30 05:00:00+00:00,0.43983,0.43443,-1.3001373015362105
2023-03-30 06:40:00+00:00,2023-03-30 06:45:00+00:00,0.42231,0.42361,-0.14304888053325726
2023-03-30 08:05:00+00:00,2023-03-30 08:30:00+00:00,0.42561,0.41972,-1.3764987847177537
2023-03-30 13:05:00+00:00,2023-03-30 14:35:00+00:00,0.41844,0.41477,-0.9828355986639963
2023-03-30 15:40:00+00:00,2023-03-30 15:45:00+00:00,0.41096,0.41083,-0.37343429094370606
2023-03-30 16:40:00+00:00,2023-03-30 17:35:00+00:00,0.412,0.40649,-1.2730787494393354
2023-03-30 19:00:00+00:00,2023-03-30 20:10:00+00:00,0.40801,0.40676,-0.5466945540201351
2023-03-30 20:40:00+00:00,2023-03-30 22:55:00+00:00,0.41165,0.41318,-0.08727866335456724
2023-03-30 23:35:00+00:00,2023-03-30 23:55:00+00:00,0.4158,0.41485,-0.48455489659913553
2023-03-31 00:05:00+00:00,2023-03-31 00:15:00+00:00,0.41585,0.41233,-0.8832597654827907
2023-03-31 01:30:00+00:00,2023-03-31 01:45:00+00:00,0.41459,0.41068,-0.9291633290033445
2023-03-31 03:35:00+00:00,2023-03-31 04:20:00+00:00,0.41217,0.40911,-0.7847186793323857
2023-03-31 04:45:00+00:00,2023-03-31 05:40:00+00:00,0.41181,0.41332,-0.08414029439425263
2023-03-31 05:45:00+00:00,2023-03-31 05:55:00+00:00,0.41295,0.40918,-0.8711899715594811
2023-03-31 07:05:00+00:00,2023-03-31 07:10:00+00:00,0.4087,0.40669,-0.6003491995160815
2023-03-31 08:10:00+00:00,2023-03-31 11:05:00+00:00,0.40797,0.40518,-0.7056847721125905
2023-03-31 12:35:00+00:00,2023-03-31 13:55:00+00:00,0.40994,0.4141,0.29960532351752533
2023-03-31 14:00:00+00:00,2023-03-31 15:50:00+00:00,0.41331,0.4157,0.0443037696342472
2023-03-31 17:15:00+00:00,2023-03-31 18:00:00+00:00,0.41888,0.41439,-0.916963623353972
2023-03-31 18:45:00+00:00,2023-03-31 20:30:00+00:00,0.41829,0.41965,-0.10118137848926523
2023-03-31 20:55:00+00:00,2023-03-31 21:20:00+00:00,0.4222,0.42025,-0.5463882361027501
2023-03-31 21:35:00+00:00,2023-03-31 23:25:00+00:00,0.422,0.42303,-0.144292415478958
2023-03-31 23:45:00+00:00,2023-03-31 23:50:00+00:00,0.42241,0.42191,-0.3440348906446502
2023-04-01 00:05:00+00:00,2023-04-01 05:55:00+00:00,0.42358,0.43972,1.812482362766005
2023-04-01 09:15:00+00:00,2023-04-01 09:25:00+00:00,0.43186,0.43124,-0.3638291999707377
2023-04-01 11:15:00+00:00,2023-04-01 11:30:00+00:00,0.4313,0.43007,-0.43852485290778986
2023-04-01 15:30:00+00:00,2023-04-01 15:45:00+00:00,0.423,0.41991,-0.6776527201415661
2023-04-01 16:25:00+00:00,2023-04-01 16:55:00+00:00,0.42364,0.42082,-0.6309715372182083
2023-04-01 17:25:00+00:00,2023-04-01 17:35:00+00:00,0.41941,0.41951,-0.2542636727620504
2023-04-01 18:10:00+00:00,2023-04-01 18:45:00+00:00,0.42273,0.42043,-0.5505248198382091
2023-04-01 20:05:00+00:00,2023-04-01 21:15:00+00:00,0.42284,0.42075,-0.5162717950763849
2023-04-01 22:05:00+00:00,2023-04-01 22:40:00+00:00,0.42187,0.42073,-0.3942770435317726
2023-04-02 01:40:00+00:00,2023-04-02 02:20:00+00:00,0.417,0.41372,-0.6494133495363954
2023-04-02 03:30:00+00:00,2023-04-02 07:50:00+00:00,0.4167,0.42202,0.3830908434437248
2023-04-02 07:55:00+00:00,2023-04-02 08:20:00+00:00,0.4218,0.42017,-0.4410528945362415
2023-04-02 09:35:00+00:00,2023-04-02 10:40:00+00:00,0.4195,0.41848,-0.36485267255943654
2023-04-02 12:05:00+00:00,2023-04-02 12:10:00+00:00,0.41717,0.41737,-0.2196682551882887
2023-04-02 12:20:00+00:00,2023-04-02 12:25:00+00:00,0.4175,0.41676,-0.3253679486291503
2023-04-02 13:25:00+00:00,2023-04-02 14:35:00+00:00,0.41153,0.41473,0.13012025009356165
2023-04-02 15:45:00+00:00,2023-04-02 16:35:00+00:00,0.40796,0.40425,-0.6663691901227509
2023-04-02 17:10:00+00:00,2023-04-02 18:55:00+00:00,0.40737,0.40699,-0.27585499130852753
2023-04-02 20:45:00+00:00,2023-04-02 21:55:00+00:00,0.4073,0.40552,-0.4302684589820629
2023-04-02 22:50:00+00:00,2023-04-03 00:40:00+00:00,0.40839,0.40648,-0.4379577536801591
2023-04-03 02:20:00+00:00,2023-04-03 04:20:00+00:00,0.40331,0.40056,-0.5268262736681493
2023-04-03 05:10:00+00:00,2023-04-03 06:30:00+00:00,0.40249,0.40513,0.06709534560555142
2023-04-03 06:35:00+00:00,2023-04-03 07:20:00+00:00,0.40733,0.40913,-0.026417241621743415
2023-04-03 08:10:00+00:00,2023-04-03 10:05:00+00:00,0.4133,0.41414,-0.12970746830732338
2023-04-03 10:35:00+00:00,2023-04-03 11:05:00+00:00,0.41708,0.41372,-0.5624379287074106
2023-04-03 13:15:00+00:00,2023-04-03 14:50:00+00:00,0.41208,0.40714,-0.7183658745992645
2023-04-03 16:20:00+00:00,2023-04-03 16:55:00+00:00,0.41167,0.40733,-0.6429707153135595
2023-04-03 17:40:00+00:00,2023-04-03 18:05:00+00:00,0.40937,0.40829,-0.31004986123327427
2023-04-03 18:35:00+00:00,2023-04-03 19:45:00+00:00,0.41029,0.41322,0.08454007041075329
2023-04-03 21:45:00+00:00,2023-04-03 23:55:00+00:00,0.4018,0.40998,0.6107792197560187
2023-04-04 02:35:00+00:00,2023-04-04 03:05:00+00:00,0.4092,0.4065,-0.4677141659341544
2023-04-04 05:20:00+00:00,2023-04-04 05:55:00+00:00,0.40477,0.40341,-0.33183774739705285
2023-04-04 06:05:00+00:00,2023-04-04 07:35:00+00:00,0.40392,0.40438,-0.1517535935905059
2023-04-04 08:45:00+00:00,2023-04-04 10:50:00+00:00,0.40442,0.4065,0.004568594088112832
2023-04-04 11:10:00+00:00,2023-04-04 11:20:00+00:00,0.41256,0.41507,0.04078009571684049
2023-04-04 11:35:00+00:00,2023-04-04 12:50:00+00:00,0.41254,0.41203,-0.24019749265099932
2023-04-04 14:40:00+00:00,2023-04-04 15:20:00+00:00,0.41371,0.40608,-0.8901928250149709
2023-04-04 16:50:00+00:00,2023-04-04 18:20:00+00:00,0.40976,0.40911,-0.2437050749379921
2023-04-04 20:05:00+00:00,2023-04-04 21:15:00+00:00,0.41138,0.41221,-0.10958117588351968
2023-04-04 23:05:00+00:00,2023-04-04 23:15:00+00:00,0.41151,0.41084,-0.24048253649164764
2023-04-05 00:00:00+00:00,2023-04-05 00:20:00+00:00,0.4111,0.40872,-0.38635969098651657
2023-04-05 00:40:00+00:00,2023-04-05 03:10:00+00:00,0.41438,0.42305,0.559043185500073
2023-04-05 03:50:00+00:00,2023-04-05 04:40:00+00:00,0.42546,0.42333,-0.35654538518691226
2023-04-05 07:55:00+00:00,2023-04-05 08:40:00+00:00,0.41957,0.42033,-0.1125196483236266
2023-04-05 08:45:00+00:00,2023-04-05 09:45:00+00:00,0.42035,0.41843,-0.3331131597937116
2023-04-05 10:55:00+00:00,2023-04-05 12:20:00+00:00,0.41962,0.41741,-0.35220687759337466
2023-04-05 15:50:00+00:00,2023-04-05 16:15:00+00:00,0.41144,0.40767,-0.47817041569050645
2023-04-05 17:15:00+00:00,2023-04-05 18:05:00+00:00,0.40972,0.4108,-0.07898718426120865
2023-04-05 19:20:00+00:00,2023-04-05 20:50:00+00:00,0.41498,0.41356,-0.2772034805039354
2023-04-05 22:10:00+00:00,2023-04-06 00:10:00+00:00,0.41378,0.41077,-0.39823839692824947
2023-04-06 02:25:00+00:00,2023-04-06 02:50:00+00:00,0.40885,0.40665,-0.3311441543260081
2023-04-06 03:35:00+00:00,2023-04-06 04:25:00+00:00,0.40879,0.40845,-0.18352582550268437
2023-04-06 06:35:00+00:00,2023-04-06 07:40:00+00:00,0.40669,0.4039,-0.36840994718767206
2023-04-06 08:40:00+00:00,2023-04-06 10:10:00+00:00,0.40411,0.40378,-0.1780394990973697
2023-04-06 10:30:00+00:00,2023-04-06 10:40:00+00:00,0.40537,0.40282,-0.34115076335728034
2023-04-06 11:15:00+00:00,2023-04-06 13:05:00+00:00,0.4044,0.40491,-0.11164026304804153
2023-04-06 13:25:00+00:00,2023-04-06 13:45:00+00:00,0.40688,0.40495,-0.2872067164046861
2023-04-06 14:05:00+00:00,2023-04-06 16:10:00+00:00,0.40573,0.40724,-0.03776042247123712
2023-04-06 16:35:00+00:00,2023-04-06 18:00:00+00:00,0.40823,0.40699,-0.23210385195513794
2023-04-06 19:30:00+00:00,2023-04-06 20:15:00+00:00,0.40573,0.40532,-0.17149627566172398
2023-04-06 21:25:00+00:00,2023-04-06 22:35:00+00:00,0.40427,0.40349,-0.19543640579999533
2023-04-06 22:55:00+00:00,2023-04-07 00:15:00+00:00,0.40513,0.40356,-0.24714731285676095
2023-04-07 00:40:00+00:00,2023-04-07 01:40:00+00:00,0.40646,0.4056,-0.19555157505429221
2023-04-07 02:00:00+00:00,2023-04-07 02:05:00+00:00,0.40594,0.4056,-0.15860909527986777
2023-04-07 03:10:00+00:00,2023-04-07 03:15:00+00:00,0.40326,0.40353,-0.11656275757501433
2023-04-07 04:35:00+00:00,2023-04-07 05:25:00+00:00,0.40541,0.4039,-0.23197761017163998
2023-04-07 08:40:00+00:00,2023-04-07 09:00:00+00:00,0.40011,0.39728,-0.3163705432774506
2023-04-07 10:25:00+00:00,2023-04-07 11:50:00+00:00,0.39956,0.39573,-0.37558614282059466
2023-04-07 14:00:00+00:00,2023-04-07 14:05:00+00:00,0.39131,0.39272,-0.03583889602710855
2023-04-07 14:35:00+00:00,2023-04-07 16:45:00+00:00,0.39482,0.39597,-0.05290395942124704
2023-04-07 17:15:00+00:00,2023-04-07 17:40:00+00:00,0.39519,0.39582,-0.08531692988950113
2023-04-07 20:25:00+00:00,2023-04-07 20:55:00+00:00,0.39586,0.39404,-0.23727691091862724
2023-04-07 22:00:00+00:00,2023-04-07 23:50:00+00:00,0.3951,0.39673,-0.021859813734160127
2023-04-08 00:55:00+00:00,2023-04-08 01:00:00+00:00,0.39092,0.39143,-0.08987515600389173
2023-04-08 01:40:00+00:00,2023-04-08 01:55:00+00:00,0.39207,0.39052,-0.21500735088099177
2023-04-08 02:30:00+00:00,2023-04-08 04:05:00+00:00,0.39216,0.39488,0.04512267235449485
2023-04-08 04:15:00+00:00,2023-04-08 06:50:00+00:00,0.39516,0.3965,-0.03846806736337882
2023-04-08 07:45:00+00:00,2023-04-08 09:00:00+00:00,0.39704,0.39503,-0.2358994887199053
2023-04-08 09:45:00+00:00,2023-04-08 10:20:00+00:00,0.39629,0.39485,-0.19945309127095356
2023-04-08 11:25:00+00:00,2023-04-08 12:25:00+00:00,0.3944,0.39388,-0.14413901052385114
2023-04-08 13:55:00+00:00,2023-04-08 14:05:00+00:00,0.39197,0.39182,-0.12149021054545628
2023-04-08 14:25:00+00:00,2023-04-08 15:20:00+00:00,0.39388,0.39321,-0.14954317227622838
2023-04-08 16:25:00+00:00,2023-04-08 17:40:00+00:00,0.39385,0.39211,-0.20750047152354867
2023-04-08 19:30:00+00:00,2023-04-08 19:35:00+00:00,0.38061,0.3781,-0.25166841959989483
2023-04-08 21:10:00+00:00,2023-04-08 21:40:00+00:00,0.37396,0.37763,0.10200595489164144
2023-04-08 21:45:00+00:00,2023-04-08 22:35:00+00:00,0.37749,0.37705,-0.1318351555988535
2023-04-08 22:50:00+00:00,2023-04-08 23:40:00+00:00,0.37945,0.37813,-0.17907918007191626
2023-04-09 00:10:00+00:00,2023-04-09 02:30:00+00:00,0.38138,0.38317,-0.006890246103537834
2023-04-09 02:50:00+00:00,2023-04-09 03:25:00+00:00,0.38434,0.38277,-0.18826215982489813
2023-04-09 04:00:00+00:00,2023-04-09 04:05:00+00:00,0.38129,0.38199,-0.06498298415925774
2023-04-09 04:40:00+00:00,2023-04-09 04:45:00+00:00,0.38156,0.38133,-0.11373678022442135
2023-04-09 07:00:00+00:00,2023-04-09 07:05:00+00:00,0.37509,0.37138,-0.29825835039104476
2023-04-09 08:35:00+00:00,2023-04-09 08:40:00+00:00,0.37132,0.37127,-0.10113422758470492
2023-04-09 09:20:00+00:00,2023-04-09 09:35:00+00:00,0.3722,0.36793,-0.32008955715854626
2023-04-09 11:45:00+00:00,2023-04-09 13:25:00+00:00,0.3713,0.37225,-0.046835927805492616
2023-04-09 16:10:00+00:00,2023-04-09 18:10:00+00:00,0.37156,0.37347,0.002174265304770273
2023-04-09 18:15:00+00:00,2023-04-09 23:55:00+00:00,0.37371,0.40122,1.2863740222899374
2023-04-10 03:15:00+00:00,2023-04-10 04:20:00+00:00,0.39589,0.3947,-0.16009682025642036
2023-04-10 06:30:00+00:00,2023-04-10 07:10:00+00:00,0.3938,0.39285,-0.14634545820257472
2023-04-10 08:00:00+00:00,2023-04-10 09:15:00+00:00,0.39226,0.39214,-0.10360025055767608
2023-04-10 09:30:00+00:00,2023-04-10 11:40:00+00:00,0.39371,0.39235,-0.16309067962308177
2023-04-10 14:55:00+00:00,2023-04-10 16:15:00+00:00,0.38982,0.3922,0.02049896448788857
2023-04-10 16:50:00+00:00,2023-04-10 19:05:00+00:00,0.39718,0.40573,0.3119046064627575
2023-04-10 19:10:00+00:00,2023-04-10 19:30:00+00:00,0.40612,0.4022,-0.2805699200785341
2023-04-10 20:00:00+00:00,2023-04-10 20:25:00+00:00,0.40689,0.4023,-0.3056096217166733
2023-04-10 21:30:00+00:00,2023-04-11 00:35:00+00:00,0.40482,0.41065,0.17201917762496066
2023-04-11 01:50:00+00:00,2023-04-11 02:50:00+00:00,0.41167,0.40881,-0.22058820560736692
2023-04-11 04:05:00+00:00,2023-04-11 04:10:00+00:00,0.40785,0.408,-0.0843638533562725
2023-04-11 04:25:00+00:00,2023-04-11 06:00:00+00:00,0.4112,0.40744,-0.25419447457844413
2023-04-11 08:35:00+00:00,2023-04-11 09:10:00+00:00,0.40985,0.40632,-0.24001172495292167
2023-04-11 09:55:00+00:00,2023-04-11 12:05:00+00:00,0.40993,0.41107,-0.03876364007188826
2023-04-11 13:35:00+00:00,2023-04-11 15:05:00+00:00,0.4105,0.40892,-0.1521760250037758
2023-04-11 17:45:00+00:00,2023-04-11 17:50:00+00:00,0.40793,0.40862,-0.056378681086727056
2023-04-11 19:00:00+00:00,2023-04-11 19:50:00+00:00,0.4106,0.40659,-0.24807377449536716
2023-04-11 21:20:00+00:00,2023-04-11 22:50:00+00:00,0.40594,0.40621,-0.07168768360779865
2023-04-11 22:55:00+00:00,2023-04-11 23:05:00+00:00,0.40624,0.40539,-0.11593625392181295
2023-04-12 00:05:00+00:00,2023-04-12 00:50:00+00:00,0.40609,0.40241,-0.22670053949873825
2023-04-12 04:15:00+00:00,2023-04-12 06:05:00+00:00,0.38493,0.38626,-0.02478610113760915
2023-04-12 06:45:00+00:00,2023-04-12 07:55:00+00:00,0.38798,0.38797,-0.07921998856415335
2023-04-12 10:15:00+00:00,2023-04-12 10:30:00+00:00,0.38827,0.3888,-0.0568320671129392
2023-04-12 11:10:00+00:00,2023-04-12 11:15:00+00:00,0.38583,0.38626,-0.06019881641399394
2023-04-12 12:00:00+00:00,2023-04-12 13:50:00+00:00,0.38761,0.38884,-0.028253433857583943
2023-04-12 14:20:00+00:00,2023-04-12 15:15:00+00:00,0.39499,0.39002,-0.26680548787625114
2023-04-12 16:35:00+00:00,2023-04-12 16:45:00+00:00,0.39216,0.39065,-0.1314728194003809
2023-04-12 18:00:00+00:00,2023-04-12 18:15:00+00:00,0.39265,0.3925,-0.07899093225889864
2023-04-12 18:25:00+00:00,2023-04-12 18:35:00+00:00,0.39282,0.39016,-0.1705489451295783
2023-04-12 20:15:00+00:00,2023-04-12 20:30:00+00:00,0.39087,0.39257,-0.009608095248118786
2023-04-12 20:35:00+00:00,2023-04-12 22:50:00+00:00,0.39186,0.39403,0.007245457382202503
2023-04-12 23:25:00+00:00,2023-04-13 00:25:00+00:00,0.39567,0.39311,-0.161761568137603
2023-04-13 00:55:00+00:00,2023-04-13 01:00:00+00:00,0.39285,0.39246,-0.08329715819623651
2023-04-13 01:35:00+00:00,2023-04-13 01:55:00+00:00,0.39161,0.39364,0.0021712695375306623
2023-04-13 02:45:00+00:00,2023-04-13 03:15:00+00:00,0.39302,0.39111,-0.13466889378922353
2023-04-13 05:55:00+00:00,2023-04-13 06:30:00+00:00,0.38995,0.389,-0.10014764073369165
2023-04-13 07:55:00+00:00,2023-04-13 08:20:00+00:00,0.38935,0.38842,-0.09827596011645667
2023-04-13 08:35:00+00:00,2023-04-13 09:45:00+00:00,0.39107,0.39404,0.03363985497755806
2023-04-13 10:50:00+00:00,2023-04-13 11:45:00+00:00,0.39786,0.39605,-0.12504462615094702
2023-04-13 12:20:00+00:00,2023-04-13 13:20:00+00:00,0.39743,0.40177,0.07587573794797287
2023-04-13 14:55:00+00:00,2023-04-13 15:15:00+00:00,0.4034,0.40064,-0.1528689555657028
2023-04-13 16:30:00+00:00,2023-04-13 18:05:00+00:00,0.40356,0.4046,-0.031007471574792334
2023-04-13 18:10:00+00:00,2023-04-13 20:05:00+00:00,0.40426,0.40469,-0.049803807428780544
2023-04-13 21:25:00+00:00,2023-04-13 21:55:00+00:00,0.40309,0.40215,-0.0916691344683418
2023-04-13 22:25:00+00:00,2023-04-13 22:55:00+00:00,0.4041,0.40205,-0.1242764600524513
2023-04-13 23:20:00+00:00,2023-04-13 23:25:00+00:00,0.40213,0.40227,-0.056695798295864464
2023-04-14 00:05:00+00:00,2023-04-14 02:50:00+00:00,0.40354,0.41243,0.20415359976922787
2023-04-14 03:40:00+00:00,2023-04-14 04:00:00+00:00,0.41669,0.41499,-0.11060317796372132
2023-04-14 04:40:00+00:00,2023-04-14 05:35:00+00:00,0.41896,0.42013,-0.02673954518238908
2023-04-14 06:30:00+00:00,2023-04-14 06:50:00+00:00,0.41741,0.4286,0.25902353784521637
2023-04-14 09:45:00+00:00,2023-04-14 11:25:00+00:00,0.4175,0.42014,0.01569303376578368
2023-04-14 13:45:00+00:00,2023-04-14 14:35:00+00:00,0.41691,0.41442,-0.13244609857152057
2023-04-14 14:40:00+00:00,2023-04-14 15:35:00+00:00,0.41788,0.41718,-0.07940999605789223
2023-04-14 15:50:00+00:00,2023-04-14 16:40:00+00:00,0.427,0.41615,-0.35651280451802414
2023-04-14 17:15:00+00:00,2023-04-14 17:40:00+00:00,0.42498,0.43169,0.12165733637107756
2023-04-14 17:45:00+00:00,2023-04-14 19:20:00+00:00,0.43174,0.43111,-0.07370310878657449
2023-04-14 20:10:00+00:00,2023-04-14 21:40:00+00:00,0.43692,0.44124,0.05463501608626764
2023-04-14 22:05:00+00:00,2023-04-14 23:20:00+00:00,0.44357,0.44011,-0.14408696188201198
2023-04-15 00:05:00+00:00,2023-04-15 00:10:00+00:00,0.43828,0.43726,-0.08113830919651299
2023-04-15 02:00:00+00:00,2023-04-15 02:55:00+00:00,0.43172,0.42945,-0.11208758738168179
2023-04-15 04:05:00+00:00,2023-04-15 05:45:00+00:00,0.43334,0.43531,-0.00514233932483954
2023-04-15 06:15:00+00:00,2023-04-15 07:55:00+00:00,0.43776,0.44829,0.20315280487799825
2023-04-15 09:40:00+00:00,2023-04-15 10:55:00+00:00,0.454,0.44904,-0.1726392980023821
2023-04-15 14:35:00+00:00,2023-04-15 16:00:00+00:00,0.44493,0.44474,-0.05778517229842173
2023-04-15 16:55:00+00:00,2023-04-15 17:00:00+00:00,0.44446,0.44436,-0.055065248096120456
2023-04-15 18:20:00+00:00,2023-04-15 19:15:00+00:00,0.43939,0.43794,-0.08642697904647711
2023-04-15 20:15:00+00:00,2023-04-15 21:20:00+00:00,0.43657,0.43587,-0.0679023945775814
2023-04-15 21:35:00+00:00,2023-04-15 21:40:00+00:00,0.43655,0.43675,-0.046243076370569014
2023-04-15 22:20:00+00:00,2023-04-16 00:30:00+00:00,0.43836,0.43733,-0.0739625275058664
2023-04-16 01:30:00+00:00,2023-04-16 01:40:00+00:00,0.42829,0.42884,-0.03705682764059759
2023-04-16 02:10:00+00:00,2023-04-16 03:25:00+00:00,0.43305,0.43162,-0.08176988310401256
2023-04-16 04:55:00+00:00,2023-04-16 06:30:00+00:00,0.43258,0.43196,-0.06257828758699446
2023-04-16 07:35:00+00:00,2023-04-16 08:45:00+00:00,0.43406,0.43371,-0.05585996115029879
2023-04-16 10:45:00+00:00,2023-04-16 11:45:00+00:00,0.4304,0.42825,-0.09495267477585223
2023-04-16 12:15:00+00:00,2023-04-16 13:20:00+00:00,0.43141,0.42991,-0.07936262609023181
2023-04-16 15:35:00+00:00,2023-04-16 16:15:00+00:00,0.42973,0.42851,-0.07242249763817732
2023-04-16 16:45:00+00:00,2023-04-16 18:00:00+00:00,0.4312,0.4326,-0.016168050464001382
2023-04-16 18:35:00+00:00,2023-04-16 20:00:00+00:00,0.43403,0.43278,-0.07138333619963078
2023-04-16 20:45:00+00:00,2023-04-16 23:40:00+00:00,0.43933,0.43843,-0.06305638698391292
2023-04-17 01:25:00+00:00,2023-04-17 02:05:00+00:00,0.42955,0.42766,-0.08300859010586947
2023-04-17 02:45:00+00:00,2023-04-17 03:15:00+00:00,0.43303,0.43024,-0.09955440291293094
2023-04-17 03:35:00+00:00,2023-04-17 03:40:00+00:00,0.43008,0.42892,-0.06594086458309256
2023-04-17 06:05:00+00:00,2023-04-17 06:40:00+00:00,0.42893,0.42586,-0.1027109277018301
2023-04-17 08:45:00+00:00,2023-04-17 10:30:00+00:00,0.42523,0.4251,-0.044177763011781224
2023-04-17 12:15:00+00:00,2023-04-17 13:15:00+00:00,0.4282,0.42682,-0.06764965858774552
2023-04-17 14:00:00+00:00,2023-04-17 14:40:00+00:00,0.42848,0.42297,-0.14475819701250536
2023-04-17 17:00:00+00:00,2023-04-17 17:55:00+00:00,0.42228,0.42417,-0.004346072367373388
2023-04-17 18:10:00+00:00,2023-04-17 19:35:00+00:00,0.42425,0.42719,0.014983538588321466
2023-04-17 19:40:00+00:00,2023-04-17 20:20:00+00:00,0.42703,0.42685,-0.04271205427012692
2023-04-17 21:50:00+00:00,2023-04-17 23:25:00+00:00,0.42572,0.42677,-0.019856685760065496
2023-04-18 01:55:00+00:00,2023-04-18 06:45:00+00:00,0.42118,0.43217,0.16226646696437985
2023-04-18 06:50:00+00:00,2023-04-18 08:30:00+00:00,0.43176,0.43006,-0.07012337770455979
2023-04-18 09:30:00+00:00,2023-04-18 11:25:00+00:00,0.43383,0.43277,-0.05762337822375674
2023-04-18 11:40:00+00:00,2023-04-18 13:10:00+00:00,0.43671,0.43278,-0.10686349761321523
2023-04-18 13:55:00+00:00,2023-04-18 15:10:00+00:00,0.43622,0.43141,-0.12000262859648014
2023-04-18 17:20:00+00:00,2023-04-18 17:30:00+00:00,0.4302,0.42785,-0.07676824040948649
2023-04-18 18:25:00+00:00,2023-04-18 18:55:00+00:00,0.42654,0.42563,-0.05159349403473268
2023-04-18 19:20:00+00:00,2023-04-18 22:45:00+00:00,0.42739,0.43107,0.025527596258343443
2023-04-18 23:05:00+00:00,2023-04-19 00:40:00+00:00,0.43252,0.42947,-0.08586367947024875
2023-04-19 01:10:00+00:00,2023-04-19 01:25:00+00:00,0.42873,0.43048,-0.006592962763242838
2023-04-19 01:30:00+00:00,2023-04-19 02:45:00+00:00,0.43085,0.43681,0.061195844011719736
2023-04-19 03:25:00+00:00,2023-04-19 04:00:00+00:00,0.43687,0.42932,-0.15556134370868513
2023-04-19 08:25:00+00:00,2023-04-19 08:30:00+00:00,0.38493,0.39227,0.09527983851882738
2023-04-19 08:40:00+00:00,2023-04-19 08:45:00+00:00,0.39527,0.39252,-0.0820211227406924
2023-04-19 13:25:00+00:00,2023-04-19 15:10:00+00:00,0.39175,0.39288,-0.014405832898217952
2023-04-19 15:45:00+00:00,2023-04-19 15:50:00+00:00,0.39054,0.39053,-0.033747957750259516
2023-04-19 16:50:00+00:00,2023-04-19 16:55:00+00:00,0.39021,0.3903,-0.03171537469198871
2023-04-19 18:55:00+00:00,2023-04-19 19:00:00+00:00,0.38495,0.38529,-0.027131486189687415
2023-04-19 19:15:00+00:00,2023-04-19 19:55:00+00:00,0.38588,0.38596,-0.031271851772260106
2023-04-19 20:10:00+00:00,2023-04-19 20:25:00+00:00,0.38837,0.38622,-0.06788109579405877
2023-04-19 21:00:00+00:00,2023-04-19 21:10:00+00:00,0.38783,0.38627,-0.057253826388952156
2023-04-19 21:45:00+00:00,2023-04-19 22:40:00+00:00,0.38297,0.386,0.01801259150901391
2023-04-19 23:55:00+00:00,2023-04-20 00:00:00+00:00,0.38126,0.38152,-0.02704254250013083
2023-04-20 00:10:00+00:00,2023-04-20 01:55:00+00:00,0.38107,0.38155,-0.023227721884859776
2023-04-20 03:30:00+00:00,2023-04-20 05:35:00+00:00,0.37844,0.37771,-0.0425222175540414
2023-04-20 06:20:00+00:00,2023-04-20 07:05:00+00:00,0.3823,0.38037,-0.06086447506263415
2023-04-20 08:00:00+00:00,2023-04-20 08:05:00+00:00,0.37856,0.37816,-0.036195972553803024
2023-04-20 08:20:00+00:00,2023-04-20 09:15:00+00:00,0.38021,0.38012,-0.030971004488375975
2023-04-20 09:45:00+00:00,2023-04-20 10:30:00+00:00,0.38163,0.37953,-0.06133387934111756
2023-04-20 11:40:00+00:00,2023-04-20 11:45:00+00:00,0.37551,0.37523,-0.0331013267968947
2023-04-20 12:25:00+00:00,2023-04-20 13:10:00+00:00,0.37887,0.37875,-0.030312760030751562
2023-04-20 19:00:00+00:00,2023-04-20 19:20:00+00:00,0.36077,0.35659,-0.09329309098974292
2023-04-20 19:35:00+00:00,2023-04-20 21:10:00+00:00,0.36,0.36213,0.004899683821592227
2023-04-20 21:25:00+00:00,2023-04-20 22:35:00+00:00,0.36387,0.36369,-0.030210564305180654
2023-04-21 00:05:00+00:00,2023-04-21 00:30:00+00:00,0.3652,0.36098,-0.08979706583543923
2023-04-21 01:45:00+00:00,2023-04-21 01:50:00+00:00,0.36218,0.36139,-0.03819273230798359
2023-04-21 02:55:00+00:00,2023-04-21 03:00:00+00:00,0.36033,0.36116,-0.014249506555131575
2023-04-21 03:05:00+00:00,2023-04-21 04:40:00+00:00,0.36172,0.36328,-0.0037010957112642018
2023-04-21 05:40:00+00:00,2023-04-21 06:05:00+00:00,0.36183,0.36024,-0.04865738637155381
2023-04-21 07:20:00+00:00,2023-04-21 08:40:00+00:00,0.35792,0.3585,-0.017335215685172933
2023-04-21 09:50:00+00:00,2023-04-21 10:40:00+00:00,0.36029,0.35826,-0.0538197591368661
2023-04-21 11:35:00+00:00,2023-04-21 12:10:00+00:00,0.35722,0.35535,-0.050997081659756915
2023-04-21 12:25:00+00:00,2023-04-21 13:55:00+00:00,0.35818,0.36055,0.007791390762429629
2023-04-21 14:30:00+00:00,2023-04-21 15:55:00+00:00,0.36233,0.35854,-0.07554263677108963
2023-04-21 18:20:00+00:00,2023-04-21 18:50:00+00:00,0.35423,0.35052,-0.07407056984797222
2023-04-21 19:20:00+00:00,2023-04-21 19:25:00+00:00,0.33419,0.3368,0.013038354542812769
2023-04-21 20:30:00+00:00,2023-04-21 20:45:00+00:00,0.33809,0.33637,-0.047240325199381594
2023-04-21 21:40:00+00:00,2023-04-21 22:40:00+00:00,0.33718,0.33486,-0.054782268133104495
2023-04-21 23:00:00+00:00,2023-04-22 00:55:00+00:00,0.337,0.34017,0.019821887269428018
2023-04-22 02:05:00+00:00,2023-04-22 03:15:00+00:00,0.34142,0.34,-0.04152280367378758
2023-04-22 03:25:00+00:00,2023-04-22 04:15:00+00:00,0.33991,0.33987,-0.022923461324901417
2023-04-22 05:55:00+00:00,2023-04-22 06:20:00+00:00,0.34075,0.33943,-0.039265690897374306
2023-04-22 08:50:00+00:00,2023-04-22 08:55:00+00:00,0.33635,0.33599,-0.02652410984999154
2023-04-22 09:20:00+00:00,2023-04-22 10:10:00+00:00,0.33747,0.33706,-0.026853744333308782
2023-04-22 11:10:00+00:00,2023-04-22 13:30:00+00:00,0.3379,0.34032,0.00909264314054603
2023-04-22 14:10:00+00:00,2023-04-22 17:45:00+00:00,0.3403,0.34965,0.09525967395636936
2023-04-22 19:55:00+00:00,2023-04-22 20:05:00+00:00,0.34897,0.34843,-0.028368168290673346
2023-04-22 20:50:00+00:00,2023-04-22 21:15:00+00:00,0.34916,0.34702,-0.04758907248482469
2023-04-22 21:40:00+00:00,2023-04-23 00:10:00+00:00,0.34932,0.34926,-0.021816818745970856
2023-04-23 02:40:00+00:00,2023-04-23 07:05:00+00:00,0.34552,0.34638,-0.010538772739502988
2023-04-23 07:25:00+00:00,2023-04-23 08:05:00+00:00,0.34609,0.34868,0.01013938337756315
2023-04-23 08:15:00+00:00,2023-04-23 09:10:00+00:00,0.34933,0.34842,-0.03138777210417043
2023-04-23 12:00:00+00:00,2023-04-23 13:10:00+00:00,0.34693,0.34492,-0.04394627507796134
2023-04-23 13:55:00+00:00,2023-04-23 14:25:00+00:00,0.34525,0.34394,-0.03526212296283138
2023-04-23 16:40:00+00:00,2023-04-23 17:50:00+00:00,0.34493,0.34121,-0.06234340236165403
2023-04-23 19:30:00+00:00,2023-04-23 21:35:00+00:00,0.3377,0.33933,-0.0007660263589932548
2023-04-23 21:55:00+00:00,2023-04-23 23:00:00+00:00,0.34208,0.34655,0.03089575124355992
2023-04-23 23:05:00+00:00,2023-04-24 00:15:00+00:00,0.34678,0.34532,-0.035585237566012395
2023-04-24 01:00:00+00:00,2023-04-24 02:05:00+00:00,0.35078,0.34911,-0.03717372099166427
2023-04-24 02:10:00+00:00,2023-04-24 02:15:00+00:00,0.34865,0.34919,-0.013011383290044254
2023-04-24 03:55:00+00:00,2023-04-24 04:30:00+00:00,0.34704,0.3468,-0.02121630459791657
2023-04-24 05:20:00+00:00,2023-04-24 05:45:00+00:00,0.34807,0.34575,-0.04292420018108123
2023-04-24 06:15:00+00:00,2023-04-24 06:45:00+00:00,0.34731,0.34522,-0.03987420704437161
2023-04-24 08:35:00+00:00,2023-04-24 08:40:00+00:00,0.34071,0.34139,-0.010764127697576065
2023-04-24 09:25:00+00:00,2023-04-24 12:20:00+00:00,0.3426,0.34687,0.026219744022095703
2023-04-24 13:40:00+00:00,2023-04-24 14:40:00+00:00,0.34824,0.34407,-0.060064032944805223
2023-04-24 15:10:00+00:00,2023-04-24 15:15:00+00:00,0.34394,0.34387,-0.018070866096009386
2023-04-24 17:35:00+00:00,2023-04-24 18:50:00+00:00,0.33727,0.34034,0.01394850731876529
2023-04-24 19:45:00+00:00,2023-04-24 22:20:00+00:00,0.34256,0.34571,0.014252810192067145
2023-04-24 22:25:00+00:00,2023-04-24 23:30:00+00:00,0.34658,0.34641,-0.018834125032319182
2023-04-25 00:15:00+00:00,2023-04-25 00:35:00+00:00,0.34478,0.34254,-0.03893246397410133
2023-04-25 04:20:00+00:00,2023-04-25 05:15:00+00:00,0.33629,0.33427,-0.03666458415537033
2023-04-25 06:10:00+00:00,2023-04-25 07:00:00+00:00,0.33796,0.33621,-0.033370817564212896
2023-04-25 09:05:00+00:00,2023-04-25 09:50:00+00:00,0.33735,0.33536,-0.03518868974030376
2023-04-25 11:15:00+00:00,2023-04-25 13:40:00+00:00,0.33796,0.3402,0.0050815565104676
2023-04-25 15:15:00+00:00,2023-04-25 15:40:00+00:00,0.33836,0.33533,-0.044169385070234934
2023-04-25 16:05:00+00:00,2023-04-25 16:10:00+00:00,0.33277,0.33358,-0.008031941199883263
2023-04-25 17:05:00+00:00,2023-04-25 17:25:00+00:00,0.3366,0.33441,-0.0354759307831074
2023-04-25 17:45:00+00:00,2023-04-25 19:00:00+00:00,0.33913,0.33843,-0.021451789312300296
2023-04-25 20:05:00+00:00,2023-04-25 21:15:00+00:00,0.34227,0.35177,0.0679558388346222
2023-04-25 21:20:00+00:00,2023-04-25 23:05:00+00:00,0.35187,0.35319,-0.003874629514801331
2023-04-25 23:45:00+00:00,2023-04-26 01:10:00+00:00,0.35509,0.35423,-0.02251156768965723
2023-04-26 03:10:00+00:00,2023-04-26 03:30:00+00:00,0.35435,0.35157,-0.038424597946267625
2023-04-26 04:35:00+00:00,2023-04-26 06:00:00+00:00,0.35371,0.35419,-0.010756704792818983
2023-04-26 06:15:00+00:00,2023-04-26 06:25:00+00:00,0.35357,0.35201,-0.02743604463600624
2023-04-26 08:20:00+00:00,2023-04-26 11:25:00+00:00,0.35196,0.35898,0.042754254366585975
2023-04-26 12:20:00+00:00,2023-04-26 12:50:00+00:00,0.36172,0.36402,0.0038581523471861168
2023-04-26 13:20:00+00:00,2023-04-26 13:45:00+00:00,0.36444,0.36134,-0.039008881432528675
2023-04-26 15:05:00+00:00,2023-04-26 16:40:00+00:00,0.36167,0.36065,-0.022201025924398543
2023-04-26 16:50:00+00:00,2023-04-26 19:20:00+00:00,0.36102,0.35865,-0.03237852301508459
2023-04-26 21:55:00+00:00,2023-04-26 22:55:00+00:00,0.33988,0.34033,-0.010169482049511291
2023-04-26 23:35:00+00:00,2023-04-27 01:25:00+00:00,0.34136,0.34384,0.006101269373111062
2023-04-27 01:40:00+00:00,2023-04-27 01:45:00+00:00,0.3459,0.34583,-0.014199369691310082
2023-04-27 04:45:00+00:00,2023-04-27 06:05:00+00:00,0.34658,0.34527,-0.023673302814274155
2023-04-27 08:30:00+00:00,2023-04-27 08:40:00+00:00,0.34159,0.34158,-0.013403084629346473
2023-04-27 09:00:00+00:00,2023-04-27 09:05:00+00:00,0.33964,0.33982,-0.011800842316516569
2023-04-27 10:35:00+00:00,2023-04-27 11:50:00+00:00,0.33993,0.33933,-0.01765741246376562
2023-04-27 12:20:00+00:00,2023-04-27 12:35:00+00:00,0.34144,0.33796,-0.039107495989439744
2023-04-27 13:15:00+00:00,2023-04-27 14:55:00+00:00,0.3391,0.34083,0.00019294364902533445
2023-04-27 15:15:00+00:00,2023-04-27 15:50:00+00:00,0.34017,0.34138,-0.0036789755634618615
2023-04-27 17:25:00+00:00,2023-04-27 19:15:00+00:00,0.34294,0.34651,0.013407244471838276
2023-04-27 19:30:00+00:00,2023-04-27 20:20:00+00:00,0.34983,0.3467,-0.03479988450547289
2023-04-27 20:35:00+00:00,2023-04-27 20:50:00+00:00,0.34771,0.3473,-0.015161514910269513
2023-04-27 21:10:00+00:00,2023-04-27 22:35:00+00:00,0.34948,0.34726,-0.02749346885795445
2023-04-28 01:10:00+00:00,2023-04-28 01:30:00+00:00,0.34835,0.34592,-0.028528372686699832
2023-04-28 01:55:00+00:00,2023-04-28 02:20:00+00:00,0.34815,0.34585,-0.027183481552496058
2023-04-28 03:55:00+00:00,2023-04-28 05:15:00+00:00,0.34659,0.34614,-0.014534319442763621
2023-04-28 06:45:00+00:00,2023-04-28 06:50:00+00:00,0.34384,0.34452,-0.0069256103064279095
2023-04-28 07:35:00+00:00,2023-04-28 08:25:00+00:00,0.34661,0.34453,-0.0248568559920197
2023-04-28 09:35:00+00:00,2023-04-28 09:40:00+00:00,0.34154,0.34132,-0.012577172846869544
2023-04-28 10:20:00+00:00,2023-04-28 11:45:00+00:00,0.34207,0.34114,-0.016997316482468605
2023-04-28 12:35:00+00:00,2023-04-28 13:45:00+00:00,0.33968,0.33583,-0.03545288534191782
2023-04-28 14:20:00+00:00,2023-04-28 15:00:00+00:00,0.3393,0.337,-0.02503821308391352
2023-04-28 16:00:00+00:00,2023-04-28 16:40:00+00:00,0.33666,0.33556,-0.017296591244414294
2023-04-28 17:10:00+00:00,2023-04-28 18:40:00+00:00,0.33726,0.33678,-0.013272362875914379
2023-04-28 18:55:00+00:00,2023-04-28 22:15:00+00:00,0.33794,0.3407,0.006393422659516368
2023-04-28 22:25:00+00:00,2023-04-28 23:10:00+00:00,0.34111,0.34068,-0.012766153114665002
2023-04-28 23:55:00+00:00,2023-04-29 00:35:00+00:00,0.34098,0.33995,-0.016157513464706508
2023-04-29 01:45:00+00:00,2023-04-29 04:40:00+00:00,0.33846,0.34185,0.009892558534278395
2023-04-29 06:10:00+00:00,2023-04-29 06:35:00+00:00,0.34133,0.34011,-0.01704423209745043
2023-04-29 07:05:00+00:00,2023-04-29 07:50:00+00:00,0.34076,0.3402,-0.013038580400170474
2023-04-29 09:25:00+00:00,2023-04-29 10:00:00+00:00,0.34086,0.34386,0.007297625755107617
2023-04-29 10:05:00+00:00,2023-04-29 11:00:00+00:00,0.34339,0.34306,-0.011553973657877137
2023-04-29 11:55:00+00:00,2023-04-29 14:20:00+00:00,0.34706,0.34453,-0.02350962371595
2023-04-29 15:35:00+00:00,2023-04-29 15:50:00+00:00,0.34619,0.34477,-0.017124052104846355
2023-04-29 17:00:00+00:00,2023-04-29 17:35:00+00:00,0.34426,0.34216,-0.02058021684369482
2023-04-29 18:20:00+00:00,2023-04-29 22:40:00+00:00,0.34304,0.34281,-0.010367447755038395
2023-04-29 23:50:00+00:00,2023-04-30 00:10:00+00:00,0.34337,0.34148,-0.01896227542462592
2023-04-30 03:15:00+00:00,2023-04-30 03:35:00+00:00,0.33721,0.33609,-0.01479927812928028
2023-04-30 04:45:00+00:00,2023-04-30 06:45:00+00:00,0.33811,0.33971,-0.000512522663164594
2023-04-30 08:35:00+00:00,2023-04-30 09:25:00+00:00,0.33909,0.33805,-0.014083103525634133
2023-04-30 10:20:00+00:00,2023-04-30 10:40:00+00:00,0.33926,0.33798,-0.015112357766277285
2023-04-30 12:10:00+00:00,2023-04-30 12:15:00+00:00,0.33502,0.33518,-0.007704197043582273
2023-04-30 13:30:00+00:00,2023-04-30 14:20:00+00:00,0.33625,0.33464,-0.016467062470743032
2023-04-30 14:45:00+00:00,2023-04-30 18:05:00+00:00,0.33595,0.33674,-0.00442038319880278
2023-04-30 21:05:00+00:00,2023-04-30 21:45:00+00:00,0.33133,0.32913,-0.019138946388375988
2023-04-30 23:20:00+00:00,2023-04-30 23:25:00+00:00,0.32879,0.32892,-0.007470355227892522
2023-05-01 00:50:00+00:00,2023-05-01 01:15:00+00:00,0.32944,0.3276,-0.016956374220828963
2023-05-01 03:20:00+00:00,2023-05-01 03:25:00+00:00,0.31848,0.31856,-0.007510914545776126
2023-05-01 05:05:00+00:00,2023-05-01 05:10:00+00:00,0.31693,0.31798,-0.002667464731830327
2023-05-01 05:15:00+00:00,2023-05-01 05:35:00+00:00,0.31873,0.3159,-0.02151779319739333
2023-05-01 07:05:00+00:00,2023-05-01 07:45:00+00:00,0.31708,0.31633,-0.011222734273015789
2023-05-01 08:45:00+00:00,2023-05-01 10:45:00+00:00,0.31747,0.3174,-0.007867589272490871
2023-05-01 11:05:00+00:00,2023-05-01 11:30:00+00:00,0.31799,0.3176,-0.009280792857178533
2023-05-01 12:50:00+00:00,2023-05-01 13:15:00+00:00,0.31855,0.31762,-0.011662208756330505
2023-05-01 13:50:00+00:00,2023-05-01 13:55:00+00:00,0.31729,0.31731,-0.007190344809195892
2023-05-01 14:45:00+00:00,2023-05-01 14:50:00+00:00,0.31609,0.31636,-0.005984009123029876
2023-05-01 18:35:00+00:00,2023-05-01 18:40:00+00:00,0.30983,0.31072,-0.003060097464923084
2023-05-01 21:20:00+00:00,2023-05-01 23:05:00+00:00,0.30806,0.31118,0.007202337300142858
2023-05-01 23:10:00+00:00,2023-05-02 00:05:00+00:00,0.31114,0.30907,-0.01648394961678501
2023-05-02 00:50:00+00:00,2023-05-02 01:50:00+00:00,0.31097,0.30856,-0.01773373816199042
2023-05-02 04:00:00+00:00,2023-05-02 04:50:00+00:00,0.30821,0.30667,-0.013666161047976244
2023-05-02 05:55:00+00:00,2023-05-02 06:40:00+00:00,0.30633,0.30649,-0.006048657144667846
2023-05-02 06:55:00+00:00,2023-05-02 07:30:00+00:00,0.30747,0.30979,0.003353549343773299
2023-05-02 07:50:00+00:00,2023-05-02 08:55:00+00:00,0.30978,0.31019,-0.004913024759463536
2023-05-02 11:10:00+00:00,2023-05-02 13:55:00+00:00,0.31041,0.31022,-0.007417273719834139
2023-05-02 14:20:00+00:00,2023-05-02 15:10:00+00:00,0.31146,0.31266,-0.001526158585481996
2023-05-02 15:45:00+00:00,2023-05-02 16:50:00+00:00,0.31573,0.31336,-0.016213629839975763
2023-05-02 18:45:00+00:00,2023-05-02 20:20:00+00:00,0.31482,0.31484,-0.006307702645090396
2023-05-02 22:05:00+00:00,2023-05-02 23:35:00+00:00,0.31467,0.31543,-0.003285086559149608
2023-05-03 03:30:00+00:00,2023-05-03 04:50:00+00:00,0.30888,0.30813,-0.009310288468858507
2023-05-03 05:10:00+00:00,2023-05-03 05:50:00+00:00,0.30925,0.30793,-0.011465360647571643
2023-05-03 06:35:00+00:00,2023-05-03 07:55:00+00:00,0.30852,0.30777,-0.009067906033982887
2023-05-03 08:55:00+00:00,2023-05-03 09:20:00+00:00,0.30885,0.30755,-0.01109145832510583
2023-05-03 10:00:00+00:00,2023-05-03 11:00:00+00:00,0.30867,0.30658,-0.013968132209456474
2023-05-03 11:25:00+00:00,2023-05-03 11:30:00+00:00,0.30627,0.30614,-0.006345395536970333
2023-05-03 13:20:00+00:00,2023-05-03 14:15:00+00:00,0.29973,0.29784,-0.013056219275223713
2023-05-03 15:55:00+00:00,2023-05-03 16:00:00+00:00,0.29775,0.29717,-0.007904597084392062
2023-05-03 16:55:00+00:00,2023-05-03 20:25:00+00:00,0.29944,0.30913,0.03061813220967413
2023-05-03 20:30:00+00:00,2023-05-03 20:40:00+00:00,0.30871,0.30772,-0.009424081130362527
2023-05-03 20:55:00+00:00,2023-05-03 23:45:00+00:00,0.30888,0.32303,0.046077628670438964
2023-05-04 04:10:00+00:00,2023-05-04 05:10:00+00:00,0.31793,0.31591,-0.013309958417924816
2023-05-04 05:30:00+00:00,2023-05-04 06:15:00+00:00,0.31622,0.31561,-0.008002136049389597
2023-05-04 08:35:00+00:00,2023-05-04 09:25:00+00:00,0.31428,0.31313,-0.009874216773855693
2023-05-04 10:30:00+00:00,2023-05-04 11:50:00+00:00,0.3148,0.31446,-0.006847325950440464
2023-05-04 12:15:00+00:00,2023-05-04 12:20:00+00:00,0.31467,0.31414,-0.007441924226851748
2023-05-04 16:30:00+00:00,2023-05-04 17:45:00+00:00,0.31117,0.31025,-0.008750030597045377
2023-05-04 20:35:00+00:00,2023-05-04 21:30:00+00:00,0.30954,0.30795,-0.010996227360853927
2023-05-04 23:00:00+00:00,2023-05-05 01:15:00+00:00,0.30843,0.3074,-0.008915171200454708
2023-05-05 01:40:00+00:00,2023-05-05 03:25:00+00:00,0.3109,0.30911,-0.01133967418705173
2023-05-05 04:30:00+00:00,2023-05-05 05:15:00+00:00,0.3084,0.30732,-0.008827044290462327
2023-05-05 08:20:00+00:00,2023-05-05 09:00:00+00:00,0.30453,0.3031,-0.009927591515961343
2023-05-05 09:15:00+00:00,2023-05-05 09:20:00+00:00,0.3031,0.30331,-0.004359704641179407
2023-05-05 09:50:00+00:00,2023-05-05 12:25:00+00:00,0.30453,0.30506,-0.0032748231045458542
